Workbook

Sheet Read me
A1: IntelliStride - participant sheet
A4: How to use
A5: 1 | B5: Participants tab: type age, sex, height, weight and foot size in the yellow cells. BMI and category fill in by themselves.
A6: 2 | B6: Readings tab: for each person there are 8 reading slots. Type the values from the shoe or the dashboard into the yellow cells. Acceleration magnitude, angular-velocity magnitude, tilt, sudden change, risk score and risk level calculate automatically.
A7: 3 | B7: Summary tab: one line per person (height, weight, BMI, readings logged, peak and mean risk score, highest level). It updates as you fill the other tabs.
A8: 4 | B8: Reference tab: the thresholds and points the risk score uses, copied from the dashboard code (fall-risk.js). Change a threshold there and every score follows.

Sheet Participants
A1: Participants
A2: SAMPLE VALUES for demonstration - heights, weights and readings below were not measured on these people.
A5: # | B5: Name | C5: Age (yrs) | D5: Sex | E5: Height (cm) | F5: Weight (kg) | G5: BMI (kg/m2) | H5: BMI category (WHO adult) | I5: Foot size (UK) | J5: Tested on | K5: Notes
A6: 1 | B6: Vidula Nijhawan | C6: 20 | D6: Female | E6: 160 | F6: 52 | G6: =IF(AND(ISNUMBER(E6),ISNUMBER(F6),E6>0),F6/(E6/100)^2,"") -> 20.3125 | H6: =IF(G6="","",IF(G6<18.5,"Underweight",IF(G6<25,"Normal",IF(G6<30,"Overweight","Obese")))) -> Normal | I6: 5 | J6: 30-Sept-2026 | K6: Normal walk
A7: 2 | B7: Rishika Gupta | C7: 20 | D7: Female | E7: 163 | F7: 55 | G7: =IF(AND(ISNUMBER(E7),ISNUMBER(F7),E7>0),F7/(E7/100)^2,"") -> 20.700817 | H7: =IF(G7="","",IF(G7<18.5,"Underweight",IF(G7<25,"Normal",IF(G7<30,"Overweight","Obese")))) -> Normal | I7: 6 | J7: 30-Sept-2026 | K7: Brisk walk with a turn
A8: 3 | B8: Vishav Gupta | C8: 21 | D8: Male | E8: 174 | F8: 68 | G8: =IF(AND(ISNUMBER(E8),ISNUMBER(F8),E8>0),F8/(E8/100)^2,"") -> 22.460034 | H8: =IF(G8="","",IF(G8<18.5,"Underweight",IF(G8<25,"Normal",IF(G8<30,"Overweight","Obese")))) -> Normal | I8: 8 | J8: 30-Sept-2026 | K8: Normal walk
A9: 4 | B9: Vedant Singh | C9: 21 | D9: Male | E9: 178 | F9: 72 | G9: =IF(AND(ISNUMBER(E9),ISNUMBER(F9),E9>0),F9/(E9/100)^2,"") -> 22.724403 | H9: =IF(G9="","",IF(G9<18.5,"Underweight",IF(G9<25,"Normal",IF(G9<30,"Overweight","Obese")))) -> Normal | I9: 9 | J9: 30-Sept-2026 | K9: Standing, weight shifting
A10: 5 | B10: Daksh Jain | C10: 20 | D10: Male | E10: 172 | F10: 64 | G10: =IF(AND(ISNUMBER(E10),ISNUMBER(F10),E10>0),F10/(E10/100)^2,"") -> 21.633315 | H10: =IF(G10="","",IF(G10<18.5,"Underweight",IF(G10<25,"Normal",IF(G10<30,"Overweight","Obese")))) -> Normal | I10: 8 | J10: 46300 | K10: Staged stumble (demo only)
A11: 6 | B11: Sudeep | C11: 22 | D11: Male | E11: 176 | F11: 70 | G11: =IF(AND(ISNUMBER(E11),ISNUMBER(F11),E11>0),F11/(E11/100)^2,"") -> 22.59814 | H11: =IF(G11="","",IF(G11<18.5,"Underweight",IF(G11<25,"Normal",IF(G11<30,"Overweight","Obese")))) -> Normal | I11: 9 | J11: 46300 | K11: Normal walk
A12: 7 | B12: Dhairya | C12: 21 | D12: Male | E12: 170 | F12: 62 | G12: =IF(AND(ISNUMBER(E12),ISNUMBER(F12),E12>0),F12/(E12/100)^2,"") -> 21.453287 | H12: =IF(G12="","",IF(G12<18.5,"Underweight",IF(G12<25,"Normal",IF(G12<30,"Overweight","Obese")))) -> Normal | I12: 8 | J12: 46300 | K12: Brisk walk with a turn
A13: 8 | B13: Sanjana | C13: 20 | D13: Female | E13: 158 | F13: 50 | G13: =IF(AND(ISNUMBER(E13),ISNUMBER(F13),E13>0),F13/(E13/100)^2,"") -> 20.028842 | H13: =IF(G13="","",IF(G13<18.5,"Underweight",IF(G13<25,"Normal",IF(G13<30,"Overweight","Obese")))) -> Normal | I13: 5 | J13: 46300 | K13: Normal walk
A14: 9 | B14: Aniket | C14: 21 | D14: Male | E14: 180 | F14: 76 | G14: =IF(AND(ISNUMBER(E14),ISNUMBER(F14),E14>0),F14/(E14/100)^2,"") -> 23.45679 | H14: =IF(G14="","",IF(G14<18.5,"Underweight",IF(G14<25,"Normal",IF(G14<30,"Overweight","Obese")))) -> Normal | I14: 9 | J14: 46300 | K14: Seated, resting
A15: 10 | B15: Raghav Garg | C15: 21 | D15: Male | E15: 175 | F15: 78 | G15: =IF(AND(ISNUMBER(E15),ISNUMBER(F15),E15>0),F15/(E15/100)^2,"") -> 25.469388 | H15: =IF(G15="","",IF(G15<18.5,"Underweight",IF(G15<25,"Normal",IF(G15<30,"Overweight","Obese")))) -> Overweight | I15: 9 | J15: 46304 | K15: Normal walk
A16: 11 | B16: Kushal Thakur | C16: 22 | D16: Male | E16: 183 | F16: 82 | G16: =IF(AND(ISNUMBER(E16),ISNUMBER(F16),E16>0),F16/(E16/100)^2,"") -> 24.485652 | H16: =IF(G16="","",IF(G16<18.5,"Underweight",IF(G16<25,"Normal",IF(G16<30,"Overweight","Obese")))) -> Normal | I16: 10 | J16: 46304 | K16: Brisk walk with a turn
A17: 12 | B17: Manjot Singh | C17: 21 | D17: Male | E17: 177 | F17: 67 | G17: =IF(AND(ISNUMBER(E17),ISNUMBER(F17),E17>0),F17/(E17/100)^2,"") -> 21.385936 | H17: =IF(G17="","",IF(G17<18.5,"Underweight",IF(G17<25,"Normal",IF(G17<30,"Overweight","Obese")))) -> Normal | I17: 9 | J17: 46304 | K17: Standing, weight shifting
A18: 13 | B18: Tejnoor Singh | C18: 20 | D18: Male | E18: 173 | F18: 60 | G18: =IF(AND(ISNUMBER(E18),ISNUMBER(F18),E18>0),F18/(E18/100)^2,"") -> 20.047446 | H18: =IF(G18="","",IF(G18<18.5,"Underweight",IF(G18<25,"Normal",IF(G18<30,"Overweight","Obese")))) -> Normal | I18: 8 | J18: 46304 | K18: Normal walk
A19: 14 | B19: Ramit Joshi | C19: 21 | D19: Male | E19: 169 | F19: 58 | G19: =IF(AND(ISNUMBER(E19),ISNUMBER(F19),E19>0),F19/(E19/100)^2,"") -> 20.307412 | H19: =IF(G19="","",IF(G19<18.5,"Underweight",IF(G19<25,"Normal",IF(G19<30,"Overweight","Obese")))) -> Normal | I19: 7 | J19: 46306 | K19: Seated, resting
A20: 15 | B20: Kirtan Borana | C20: 22 | D20: Male | E20: 171 | F20: 74 | G20: =IF(AND(ISNUMBER(E20),ISNUMBER(F20),E20>0),F20/(E20/100)^2,"") -> 25.306932 | H20: =IF(G20="","",IF(G20<18.5,"Underweight",IF(G20<25,"Normal",IF(G20<30,"Overweight","Obese")))) -> Overweight | I20: 8 | J20: 46306 | K20: Normal walk
A22: BMI = weight / height squared; categories are the WHO adult bands (under 18.5, 18.5-24.9, 25-29.9, 30 and over) and do not apply under 18.

Sheet Readings
A1: Readings - 8 slots per person
A2: SAMPLE VALUES for demonstration - heights, weights and readings below were not measured on these people.
A3: Units: FSR raw ADC 0-4095 (uncalibrated) | accel g | gyro deg/s | pitch, roll deg | distance cm. Prototype score, not clinically validated.
A5: Person # | B5: Name | C5: Reading | D5: Time (HH:MM:SS) | E5: Phase | F5: FSR fore-foot | G5: FSR mid-foot | H5: FSR hind-foot | I5: Accel x (g) | J5: Accel y (g) | K5: Accel z (g) | L5: Gyro x (deg/s) | M5: Gyro y (deg/s) | N5: Gyro z (deg/s) | O5: Pitch (deg) | P5: Roll (deg) | Q5: Distance (cm) | R5: GPS sats | S5: GPS fix (Y/N) | T5: Accel mag (g) | U5: Gyro mag (deg/s) | V5: Tilt (deg) | W5: Sudden change (g) | X5: Risk score (0-100) | Y5: Risk level
A6: 1 | B6: =INDEX(Participants!$B$6:$B$20,A6) -> Vidula Nijhawan | C6: 1 | D6: 0.41104167 | E6: Heel strike | F6: 318 | G6: 435 | H6: 2565 | I6: 0.08 | J6: 0.07 | K6: 1.02 | L6: 3.1 | M6: 0.5 | N6: 2.5 | O6: 3.4 | P6: 1.1 | Q6: 203 | R6: 7 | S6: Y | T6: =IF(COUNT(I6:K6)<3,"",SQRT(I6^2+J6^2+K6^2)) -> 1.0255243 | U6: =IF(COUNT(L6:N6)<3,"",SQRT(L6^2+M6^2+N6^2)) -> 4.0137264 | V6: =IF(COUNT(O6:P6)<2,"",SQRT(O6^2+P6^2)) -> 3.5735137 | W6: =IF(T6="","",0) -> 0 | X6: =IF(OR(T6="",U6="",V6=""),"",MIN(100,IF(T6>=Reference!$B$9,Reference!$C$9,IF(T6>=Reference!$B$8,Reference!$C$8,IF(T6>=Reference!$B$7,Reference!$C$7,0)))+IF(U6>=Reference!$B$12,Reference!$C$12,IF(U6>=Reference!$B$11,Reference!$C$11,IF(U6>=Reference!$B$10,Reference!$C$10,0)))+IF(W6>=Reference!$B$13,Reference!$C$13,0)+IF(V6>=Reference!$B$15,Reference!$C$15,IF(V6>=Reference!$B$14,Reference!$C$14,0)))) -> 0 | Y6: =IF(X6="","",IF(X6>=Reference!$B$6,"HIGH",IF(X6>Reference!$B$5,"MODERATE","LOW"))) -> LOW
A7: 1 | B7: =INDEX(Participants!$B$6:$B$20,A7) -> Vidula Nijhawan | C7: 2 | D7: 0.41113426 | E7: Foot flat | F7: 980 | G7: 1422 | H7: 2401 | I7: 0.05 | J7: -0.05 | K7: 0.98 | L7: 2.4 | M7: 0.7 | N7: 1.1 | O7: 1.3 | P7: 0.7 | Q7: 192 | R7: 7 | S7: Y | T7: =IF(COUNT(I7:K7)<3,"",SQRT(I7^2+J7^2+K7^2)) -> 0.98254771 | U7: =IF(COUNT(L7:N7)<3,"",SQRT(L7^2+M7^2+N7^2)) -> 2.7313001 | V7: =IF(COUNT(O7:P7)<2,"",SQRT(O7^2+P7^2)) -> 1.4764823 | W7: =IF(T7="","",IF(T6="",0,ABS(T7-T6))) -> 0.042976547 | X7: =IF(OR(T7="",U7="",V7=""),"",MIN(100,IF(T7>=Reference!$B$9,Reference!$C$9,IF(T7>=Reference!$B$8,Reference!$C$8,IF(T7>=Reference!$B$7,Reference!$C$7,0)))+IF(U7>=Reference!$B$12,Reference!$C$12,IF(U7>=Reference!$B$11,Reference!$C$11,IF(U7>=Reference!$B$10,Reference!$C$10,0)))+IF(W7>=Reference!$B$13,Reference!$C$13,0)+IF(V7>=Reference!$B$15,Reference!$C$15,IF(V7>=Reference!$B$14,Reference!$C$14,0)))) -> 0 | Y7: =IF(X7="","",IF(X7>=Reference!$B$6,"HIGH",IF(X7>Reference!$B$5,"MODERATE","LOW"))) -> LOW
A8: 1 | B8: =INDEX(Participants!$B$6:$B$20,A8) -> Vidula Nijhawan | C8: 3 | D8: 0.4112037 | E8: Mid stance | F8: 1693 | G8: 1955 | H8: 1067 | I8: 0.02 | J8: 0.05 | K8: 1.07 | L8: 2 | M8: -0.2 | N8: 0.3 | O8: 0.8 | P8: 0.5 | Q8: 198 | R8: 7 | S8: Y | T8: =IF(COUNT(I8:K8)<3,"",SQRT(I8^2+J8^2+K8^2)) -> 1.0713543 | U8: =IF(COUNT(L8:N8)<3,"",SQRT(L8^2+M8^2+N8^2)) -> 2.0322401 | V8: =IF(COUNT(O8:P8)<2,"",SQRT(O8^2+P8^2)) -> 0.94339811 | W8: =IF(T8="","",IF(T7="",0,ABS(T8-T7))) -> 0.088806574 | X8: =IF(OR(T8="",U8="",V8=""),"",MIN(100,IF(T8>=Reference!$B$9,Reference!$C$9,IF(T8>=Reference!$B$8,Reference!$C$8,IF(T8>=Reference!$B$7,Reference!$C$7,0)))+IF(U8>=Reference!$B$12,Reference!$C$12,IF(U8>=Reference!$B$11,Reference!$C$11,IF(U8>=Reference!$B$10,Reference!$C$10,0)))+IF(W8>=Reference!$B$13,Reference!$C$13,0)+IF(V8>=Reference!$B$15,Reference!$C$15,IF(V8>=Reference!$B$14,Reference!$C$14,0)))) -> 0 | Y8: =IF(X8="","",IF(X8>=Reference!$B$6,"HIGH",IF(X8>Reference!$B$5,"MODERATE","LOW"))) -> LOW
A9: 1 | B9: =INDEX(Participants!$B$6:$B$20,A9) -> Vidula Nijhawan | C9: 4 | D9: 0.41131944 | E9: Toe off | F9: 2571 | G9: 1042 | H9: 290 | I9: -0.11 | J9: 0.08 | K9: 1.11 | L9: 9.7 | M9: 3 | N9: 3.6 | O9: -5.9 | P9: 1.7 | Q9: 179 | R9: 7 | S9: Y | T9: =IF(COUNT(I9:K9)<3,"",SQRT(I9^2+J9^2+K9^2)) -> 1.1183023 | U9: =IF(COUNT(L9:N9)<3,"",SQRT(L9^2+M9^2+N9^2)) -> 10.772651 | V9: =IF(COUNT(O9:P9)<2,"",SQRT(O9^2+P9^2)) -> 6.1400326 | W9: =IF(T9="","",IF(T8="",0,ABS(T9-T8))) -> 0.046948002 | X9: =IF(OR(T9="",U9="",V9=""),"",MIN(100,IF(T9>=Reference!$B$9,Reference!$C$9,IF(T9>=Reference!$B$8,Reference!$C$8,IF(T9>=Reference!$B$7,Reference!$C$7,0)))+IF(U9>=Reference!$B$12,Reference!$C$12,IF(U9>=Reference!$B$11,Reference!$C$11,IF(U9>=Reference!$B$10,Reference!$C$10,0)))+IF(W9>=Reference!$B$13,Reference!$C$13,0)+IF(V9>=Reference!$B$15,Reference!$C$15,IF(V9>=Reference!$B$14,Reference!$C$14,0)))) -> 0 | Y9: =IF(X9="","",IF(X9>=Reference!$B$6,"HIGH",IF(X9>Reference!$B$5,"MODERATE","LOW"))) -> LOW
A10: 1 | B10: =INDEX(Participants!$B$6:$B$20,A10) -> Vidula Nijhawan | C10: 5 | D10: 0.41137731 | E10: Swing | F10: 100 | G10: 67 | H10: 42 | I10: 0.05 | J10: 0.01 | K10: 0.96 | L10: 12.7 | M10: 5.5 | N10: 7.1 | O10: -9.4 | P10: 2.5 | Q10: 177 | R10: 6 | S10: Y | T10: =IF(COUNT(I10:K10)<3,"",SQRT(I10^2+J10^2+K10^2)) -> 0.96135321 | U10: =IF(COUNT(L10:N10)<3,"",SQRT(L10^2+M10^2+N10^2)) -> 15.554742 | V10: =IF(COUNT(O10:P10)<2,"",SQRT(O10^2+P10^2)) -> 9.7267672 | W10: =IF(T10="","",IF(T9="",0,ABS(T10-T9))) -> 0.15694907 | X10: =IF(OR(T10="",U10="",V10=""),"",MIN(100,IF(T10>=Reference!$B$9,Reference!$C$9,IF(T10>=Reference!$B$8,Reference!$C$8,IF(T10>=Reference!$B$7,Reference!$C$7,0)))+IF(U10>=Reference!$B$12,Reference!$C$12,IF(U10>=Reference!$B$11,Reference!$C$11,IF(U10>=Reference!$B$10,Reference!$C$10,0)))+IF(W10>=Reference!$B$13,Reference!$C$13,0)+IF(V10>=Reference!$B$15,Reference!$C$15,IF(V10>=Reference!$B$14,Reference!$C$14,0)))) -> 5 | Y10: =IF(X10="","",IF(X10>=Reference!$B$6,"HIGH",IF(X10>Reference!$B$5,"MODERATE","LOW"))) -> LOW
A11: 1 | B11: =INDEX(Participants!$B$6:$B$20,A11) -> Vidula Nijhawan | C11: 6 | D11: 0.41148148 | E11: Heel strike | F11: 368 | G11: 429 | H11: 2685 | I11: 0.1 | J11: 0.04 | K11: 1.05 | L11: 4.8 | M11: 2.1 | N11: 1.9 | O11: 3.2 | P11: 1.1 | Q11: 252 | R11: 8 | S11: Y | T11: =IF(COUNT(I11:K11)<3,"",SQRT(I11^2+J11^2+K11^2)) -> 1.0555094 | U11: =IF(COUNT(L11:N11)<3,"",SQRT(L11^2+M11^2+N11^2)) -> 5.5731499 | V11: =IF(COUNT(O11:P11)<2,"",SQRT(O11^2+P11^2)) -> 3.3837849 | W11: =IF(T11="","",IF(T10="",0,ABS(T11-T10))) -> 0.094156143 | X11: =IF(OR(T11="",U11="",V11=""),"",MIN(100,IF(T11>=Reference!$B$9,Reference!$C$9,IF(T11>=Reference!$B$8,Reference!$C$8,IF(T11>=Reference!$B$7,Reference!$C$7,0)))+IF(U11>=Reference!$B$12,Reference!$C$12,IF(U11>=Reference!$B$11,Reference!$C$11,IF(U11>=Reference!$B$10,Reference!$C$10,0)))+IF(W11>=Reference!$B$13,Reference!$C$13,0)+IF(V11>=Reference!$B$15,Reference!$C$15,IF(V11>=Reference!$B$14,Reference!$C$14,0)))) -> 0 | Y11: =IF(X11="","",IF(X11>=Reference!$B$6,"HIGH",IF(X11>Reference!$B$5,"MODERATE","LOW"))) -> LOW
A12: 1 | B12: =INDEX(Participants!$B$6:$B$20,A12) -> Vidula Nijhawan | C12: 7 | D12: 0.41155093 | E12: Foot flat | F12: 971 | G12: 1387 | H12: 2295 | I12: 0.02 | J12: -0.05 | K12: 1.02 | L12: 2.3 | M12: -0.1 | N12: 0.7 | O12: 1.1 | P12: 0.7 | Q12: 242 | R12: 6 | S12: Y | T12: =IF(COUNT(I12:K12)<3,"",SQRT(I12^2+J12^2+K12^2)) -> 1.0214206 | U12: =IF(COUNT(L12:N12)<3,"",SQRT(L12^2+M12^2+N12^2)) -> 2.4062419 | V12: =IF(COUNT(O12:P12)<2,"",SQRT(O12^2+P12^2)) -> 1.3038405 | W12: =IF(T12="","",IF(T11="",0,ABS(T12-T11))) -> 0.034088776 | X12: =IF(OR(T12="",U12="",V12=""),"",MIN(100,IF(T12>=Reference!$B$9,Reference!$C$9,IF(T12>=Reference!$B$8,Reference!$C$8,IF(T12>=Reference!$B$7,Reference!$C$7,0)))+IF(U12>=Reference!$B$12,Reference!$C$12,IF(U12>=Reference!$B$11,Reference!$C$11,IF(U12>=Reference!$B$10,Reference!$C$10,0)))+IF(W12>=Reference!$B$13,Reference!$C$13,0)+IF(V12>=Reference!$B$15,Reference!$C$15,IF(V12>=Reference!$B$14,Reference!$C$14,0)))) -> 0 | Y12: =IF(X12="","",IF(X12>=Reference!$B$6,"HIGH",IF(X12>Reference!$B$5,"MODERATE","LOW"))) -> LOW
A13: 1 | B13: =INDEX(Participants!$B$6:$B$20,A13) -> Vidula Nijhawan | C13: 8 | D13: 0.41167824 | E13: Toe off | F13: 2724 | G13: 1011 | H13: 231 | I13: -0.09 | J13: 0.07 | K13: 1.07 | L13: 10 | M13: 3.1 | N13: 3.5 | O13: -5.8 | P13: 1.8 | Q13: 202 | R13: 7 | S13: Y | T13: =IF(COUNT(I13:K13)<3,"",SQRT(I13^2+J13^2+K13^2)) -> 1.0760576 | U13: =IF(COUNT(L13:N13)<3,"",SQRT(L13^2+M13^2+N13^2)) -> 11.039022 | V13: =IF(COUNT(O13:P13)<2,"",SQRT(O13^2+P13^2)) -> 6.0728906 | W13: =IF(T13="","",IF(T12="",0,ABS(T13-T12))) -> 0.05463704 | X13: =IF(OR(T13="",U13="",V13=""),"",MIN(100,IF(T13>=Reference!$B$9,Reference!$C$9,IF(T13>=Reference!$B$8,Reference!$C$8,IF(T13>=Reference!$B$7,Reference!$C$7,0)))+IF(U13>=Reference!$B$12,Reference!$C$12,IF(U13>=Reference!$B$11,Reference!$C$11,IF(U13>=Reference!$B$10,Reference!$C$10,0)))+IF(W13>=Reference!$B$13,Reference!$C$13,0)+IF(V13>=Reference!$B$15,Reference!$C$15,IF(V13>=Reference!$B$14,Reference!$C$14,0)))) -> 0 | Y13: =IF(X13="","",IF(X13>=Reference!$B$6,"HIGH",IF(X13>Reference!$B$5,"MODERATE","LOW"))) -> LOW
A14: 2 | B14: =INDEX(Participants!$B$6:$B$20,A14) -> Rishika Gupta | C14: 1 | D14: 0.34915509 | E14: Heel strike | F14: 601 | G14: 803 | H14: 3554 | I14: 0.2 | J14: 0.13 | K14: 1.18 | L14: 20.4 | M14: 10.9 | N14: 9.4 | O14: 4.5 | P14: 2.2 | Q14: 160 | R14: 8 | S14: Y | T14: =IF(COUNT(I14:K14)<3,"",SQRT(I14^2+J14^2+K14^2)) -> 1.2038688 | U14: =IF(COUNT(L14:N14)<3,"",SQRT(L14^2+M14^2+N14^2)) -> 24.966578 | V14: =IF(COUNT(O14:P14)<2,"",SQRT(O14^2+P14^2)) -> 5.0089919 | W14: =IF(T14="","",0) -> 0 | X14: =IF(OR(T14="",U14="",V14=""),"",MIN(100,IF(T14>=Reference!$B$9,Reference!$C$9,IF(T14>=Reference!$B$8,Reference!$C$8,IF(T14>=Reference!$B$7,Reference!$C$7,0)))+IF(U14>=Reference!$B$12,Reference!$C$12,IF(U14>=Reference!$B$11,Reference!$C$11,IF(U14>=Reference!$B$10,Reference!$C$10,0)))+IF(W14>=Reference!$B$13,Reference!$C$13,0)+IF(V14>=Reference!$B$15,Reference!$C$15,IF(V14>=Reference!$B$14,Reference!$C$14,0)))) -> 8 | Y14: =IF(X14="","",IF(X14>=Reference!$B$6,"HIGH",IF(X14>Reference!$B$5,"MODERATE","LOW"))) -> LOW
A15: 2 | B15: =INDEX(Participants!$B$6:$B$20,A15) -> Rishika Gupta | C15: 2 | D15: 0.34922454 | E15: Foot flat | F15: 1622 | G15: 2330 | H15: 2725 | I15: 0.16 | J15: -0.07 | K15: 1.12 | L15: 12.4 | M15: 8.5 | N15: 5 | O15: 2.6 | P15: 1.6 | Q15: 144 | R15: 9 | S15: Y | T15: =IF(COUNT(I15:K15)<3,"",SQRT(I15^2+J15^2+K15^2)) -> 1.1335343 | U15: =IF(COUNT(L15:N15)<3,"",SQRT(L15^2+M15^2+N15^2)) -> 15.843295 | V15: =IF(COUNT(O15:P15)<2,"",SQRT(O15^2+P15^2)) -> 3.0528675 | W15: =IF(T15="","",IF(T14="",0,ABS(T15-T14))) -> 0.070334468 | X15: =IF(OR(T15="",U15="",V15=""),"",MIN(100,IF(T15>=Reference!$B$9,Reference!$C$9,IF(T15>=Reference!$B$8,Reference!$C$8,IF(T15>=Reference!$B$7,Reference!$C$7,0)))+IF(U15>=Reference!$B$12,Reference!$C$12,IF(U15>=Reference!$B$11,Reference!$C$11,IF(U15>=Reference!$B$10,Reference!$C$10,0)))+IF(W15>=Reference!$B$13,Reference!$C$13,0)+IF(V15>=Reference!$B$15,Reference!$C$15,IF(V15>=Reference!$B$14,Reference!$C$14,0)))) -> 0 | Y15: =IF(X15="","",IF(X15>=Reference!$B$6,"HIGH",IF(X15>Reference!$B$5,"MODERATE","LOW"))) -> LOW
A16: 2 | B16: =INDEX(Participants!$B$6:$B$20,A16) -> Rishika Gupta | C16: 3 | D16: 0.34928241 | E16: Turning | F16: 3337 | G16: 1288 | H16: 444 | I16: -0.32 | J16: 0.18 | K16: 1.3 | L16: 37.3 | M16: 20.6 | N16: 27.1 | O16: 4.7 | P16: 9.6 | Q16: 118 | R16: 9 | S16: Y | T16: =IF(COUNT(I16:K16)<3,"",SQRT(I16^2+J16^2+K16^2)) -> 1.3508516 | U16: =IF(COUNT(L16:N16)<3,"",SQRT(L16^2+M16^2+N16^2)) -> 50.498119 | V16: =IF(COUNT(O16:P16)<2,"",SQRT(O16^2+P16^2)) -> 10.688779 | W16: =IF(T16="","",IF(T15="",0,ABS(T16-T15))) -> 0.21731729 | X16: =IF(OR(T16="",U16="",V16=""),"",MIN(100,IF(T16>=Reference!$B$9,Reference!$C$9,IF(T16>=Reference!$B$8,Reference!$C$8,IF(T16>=Reference!$B$7,Reference!$C$7,0)))+IF(U16>=Reference!$B$12,Reference!$C$12,IF(U16>=Reference!$B$11,Reference!$C$11,IF(U16>=Reference!$B$10,Reference!$C$10,0)))+IF(W16>=Reference!$B$13,Reference!$C$13,0)+IF(V16>=Reference!$B$15,Reference!$C$15,IF(V16>=Reference!$B$14,Reference!$C$14,0)))) -> 35 | Y16: =IF(X16="","",IF(X16>=Reference!$B$6,"HIGH",IF(X16>Reference!$B$5,"MODERATE","LOW"))) -> LOW
A17: 2 | B17: =INDEX(Participants!$B$6:$B$20,A17) -> Rishika Gupta | C17: 4 | D17: 0.34934028 | E17: Swing | F17: 129 | G17: 97 | H17: 63 | I17: 0.25 | J17: 0.24 | K17: 1.09 | L17: 22.2 | M17: 9.3 | N17: 15.9 | O17: -7.7 | P17: 3.1 | Q17: 147 | R17: 9 | S17: Y | T17: =IF(COUNT(I17:K17)<3,"",SQRT(I17^2+J17^2+K17^2)) -> 1.1437657 | U17: =IF(COUNT(L17:N17)<3,"",SQRT(L17^2+M17^2+N17^2)) -> 28.846837 | V17: =IF(COUNT(O17:P17)<2,"",SQRT(O17^2+P17^2)) -> 8.3006024 | W17: =IF(T17="","",IF(T16="",0,ABS(T17-T16))) -> 0.20708587 | X17: =IF(OR(T17="",U17="",V17=""),"",MIN(100,IF(T17>=Reference!$B$9,Reference!$C$9,IF(T17>=Reference!$B$8,Reference!$C$8,IF(T17>=Reference!$B$7,Reference!$C$7,0)))+IF(U17>=Reference!$B$12,Reference!$C$12,IF(U17>=Reference!$B$11,Reference!$C$11,IF(U17>=Reference!$B$10,Reference!$C$10,0)))+IF(W17>=Reference!$B$13,Reference!$C$13,0)+IF(V17>=Reference!$B$15,Reference!$C$15,IF(V17>=Reference!$B$14,Reference!$C$14,0)))) -> 13 | Y17: =IF(X17="","",IF(X17>=Reference!$B$6,"HIGH",IF(X17>Reference!$B$5,"MODERATE","LOW"))) -> LOW
A18: 2 | B18: =INDEX(Participants!$B$6:$B$20,A18) -> Rishika Gupta | C18: 5 | D18: 0.3494213 | E18: Turning | F18: 651 | G18: 735 | H18: 3892 | I18: 0.62 | J18: 0.34 | K18: 1.4 | L18: 40.1 | M18: 21.6 | N18: 37.2 | O18: 6.4 | P18: 8.3 | Q18: 93 | R18: 7 | S18: Y | T18: =IF(COUNT(I18:K18)<3,"",SQRT(I18^2+J18^2+K18^2)) -> 1.5684387 | U18: =IF(COUNT(L18:N18)<3,"",SQRT(L18^2+M18^2+N18^2)) -> 58.808248 | V18: =IF(COUNT(O18:P18)<2,"",SQRT(O18^2+P18^2)) -> 10.480935 | W18: =IF(T18="","",IF(T17="",0,ABS(T18-T17))) -> 0.424673 | X18: =IF(OR(T18="",U18="",V18=""),"",MIN(100,IF(T18>=Reference!$B$9,Reference!$C$9,IF(T18>=Reference!$B$8,Reference!$C$8,IF(T18>=Reference!$B$7,Reference!$C$7,0)))+IF(U18>=Reference!$B$12,Reference!$C$12,IF(U18>=Reference!$B$11,Reference!$C$11,IF(U18>=Reference!$B$10,Reference!$C$10,0)))+IF(W18>=Reference!$B$13,Reference!$C$13,0)+IF(V18>=Reference!$B$15,Reference!$C$15,IF(V18>=Reference!$B$14,Reference!$C$14,0)))) -> 65 | Y18: =IF(X18="","",IF(X18>=Reference!$B$6,"HIGH",IF(X18>Reference!$B$5,"MODERATE","LOW"))) -> MODERATE
A19: 2 | B19: =INDEX(Participants!$B$6:$B$20,A19) -> Rishika Gupta | C19: 6 | D19: 0.34950231 | E19: Foot flat | F19: 1534 | G19: 2230 | H19: 2541 | I19: 0.18 | J19: 0.08 | K19: 1.14 | L19: 9.7 | M19: 7.2 | N19: 5.4 | O19: 3.2 | P19: 1.7 | Q19: 148 | R19: 8 | S19: Y | T19: =IF(COUNT(I19:K19)<3,"",SQRT(I19^2+J19^2+K19^2)) -> 1.1568924 | U19: =IF(COUNT(L19:N19)<3,"",SQRT(L19^2+M19^2+N19^2)) -> 13.232158 | V19: =IF(COUNT(O19:P19)<2,"",SQRT(O19^2+P19^2)) -> 3.6235342 | W19: =IF(T19="","",IF(T18="",0,ABS(T19-T18))) -> 0.41154633 | X19: =IF(OR(T19="",U19="",V19=""),"",MIN(100,IF(T19>=Reference!$B$9,Reference!$C$9,IF(T19>=Reference!$B$8,Reference!$C$8,IF(T19>=Reference!$B$7,Reference!$C$7,0)))+IF(U19>=Reference!$B$12,Reference!$C$12,IF(U19>=Reference!$B$11,Reference!$C$11,IF(U19>=Reference!$B$10,Reference!$C$10,0)))+IF(W19>=Reference!$B$13,Reference!$C$13,0)+IF(V19>=Reference!$B$15,Reference!$C$15,IF(V19>=Reference!$B$14,Reference!$C$14,0)))) -> 15 | Y19: =IF(X19="","",IF(X19>=Reference!$B$6,"HIGH",IF(X19>Reference!$B$5,"MODERATE","LOW"))) -> LOW
A20: 2 | B20: =INDEX(Participants!$B$6:$B$20,A20) -> Rishika Gupta | C20: 7 | D20: 0.34953704 | E20: Toe off | F20: 3604 | G20: 1369 | H20: 401 | I20: 0.1 | J20: -0.06 | K20: 1.1 | L20: 9.1 | M20: 4.2 | N20: 2.8 | O20: -5.1 | P20: 2.4 | Q20: 172 | R20: 9 | S20: Y | T20: =IF(COUNT(I20:K20)<3,"",SQRT(I20^2+J20^2+K20^2)) -> 1.1061645 | U20: =IF(COUNT(L20:N20)<3,"",SQRT(L20^2+M20^2+N20^2)) -> 10.406248 | V20: =IF(COUNT(O20:P20)<2,"",SQRT(O20^2+P20^2)) -> 5.6364883 | W20: =IF(T20="","",IF(T19="",0,ABS(T20-T19))) -> 0.050727844 | X20: =IF(OR(T20="",U20="",V20=""),"",MIN(100,IF(T20>=Reference!$B$9,Reference!$C$9,IF(T20>=Reference!$B$8,Reference!$C$8,IF(T20>=Reference!$B$7,Reference!$C$7,0)))+IF(U20>=Reference!$B$12,Reference!$C$12,IF(U20>=Reference!$B$11,Reference!$C$11,IF(U20>=Reference!$B$10,Reference!$C$10,0)))+IF(W20>=Reference!$B$13,Reference!$C$13,0)+IF(V20>=Reference!$B$15,Reference!$C$15,IF(V20>=Reference!$B$14,Reference!$C$14,0)))) -> 0 | Y20: =IF(X20="","",IF(X20>=Reference!$B$6,"HIGH",IF(X20>Reference!$B$5,"MODERATE","LOW"))) -> LOW
A21: 2 | B21: =INDEX(Participants!$B$6:$B$20,A21) -> Rishika Gupta | C21: 8 | D21: 0.34960648 | E21: Heel strike | F21: 611 | G21: 864 | H21: 3312 | I21: 0.32 | J21: 0.17 | K21: 1.21 | L21: 22.8 | M21: 13.6 | N21: 16.1 | O21: 4.5 | P21: 2.8 | Q21: 112 | R21: 7 | S21: Y | T21: =IF(COUNT(I21:K21)<3,"",SQRT(I21^2+J21^2+K21^2)) -> 1.2630914 | U21: =IF(COUNT(L21:N21)<3,"",SQRT(L21^2+M21^2+N21^2)) -> 31.04851 | V21: =IF(COUNT(O21:P21)<2,"",SQRT(O21^2+P21^2)) -> 5.3 | W21: =IF(T21="","",IF(T20="",0,ABS(T21-T20))) -> 0.1569269 | X21: =IF(OR(T21="",U21="",V21=""),"",MIN(100,IF(T21>=Reference!$B$9,Reference!$C$9,IF(T21>=Reference!$B$8,Reference!$C$8,IF(T21>=Reference!$B$7,Reference!$C$7,0)))+IF(U21>=Reference!$B$12,Reference!$C$12,IF(U21>=Reference!$B$11,Reference!$C$11,IF(U21>=Reference!$B$10,Reference!$C$10,0)))+IF(W21>=Reference!$B$13,Reference!$C$13,0)+IF(V21>=Reference!$B$15,Reference!$C$15,IF(V21>=Reference!$B$14,Reference!$C$14,0)))) -> 20 | Y21: =IF(X21="","",IF(X21>=Reference!$B$6,"HIGH",IF(X21>Reference!$B$5,"MODERATE","LOW"))) -> LOW
A22: 3 | B22: =INDEX(Participants!$B$6:$B$20,A22) -> Vishav Gupta | C22: 1 | D22: 0.38402778 | E22: Heel strike | F22: 280 | G22: 439 | H22: 2551 | I22: 0.09 | J22: 0.05 | K22: 1.03 | L22: 4.6 | M22: 1.8 | N22: 2.2 | O22: 2.9 | P22: 1.1 | Q22: 237 | R22: 7 | S22: Y | T22: =IF(COUNT(I22:K22)<3,"",SQRT(I22^2+J22^2+K22^2)) -> 1.0351328 | U22: =IF(COUNT(L22:N22)<3,"",SQRT(L22^2+M22^2+N22^2)) -> 5.4074023 | V22: =IF(COUNT(O22:P22)<2,"",SQRT(O22^2+P22^2)) -> 3.1016125 | W22: =IF(T22="","",0) -> 0 | X22: =IF(OR(T22="",U22="",V22=""),"",MIN(100,IF(T22>=Reference!$B$9,Reference!$C$9,IF(T22>=Reference!$B$8,Reference!$C$8,IF(T22>=Reference!$B$7,Reference!$C$7,0)))+IF(U22>=Reference!$B$12,Reference!$C$12,IF(U22>=Reference!$B$11,Reference!$C$11,IF(U22>=Reference!$B$10,Reference!$C$10,0)))+IF(W22>=Reference!$B$13,Reference!$C$13,0)+IF(V22>=Reference!$B$15,Reference!$C$15,IF(V22>=Reference!$B$14,Reference!$C$14,0)))) -> 0 | Y22: =IF(X22="","",IF(X22>=Reference!$B$6,"HIGH",IF(X22>Reference!$B$5,"MODERATE","LOW"))) -> LOW
A23: 3 | B23: =INDEX(Participants!$B$6:$B$20,A23) -> Vishav Gupta | C23: 2 | D23: 0.38412037 | E23: Foot flat | F23: 971 | G23: 1559 | H23: 2183 | I23: 0.05 | J23: -0.03 | K23: 0.99 | L23: 1.9 | M23: 0.5 | N23: 1.1 | O23: 1.5 | P23: 0.8 | Q23: 211 | R23: 8 | S23: Y | T23: =IF(COUNT(I23:K23)<3,"",SQRT(I23^2+J23^2+K23^2)) -> 0.99171569 | U23: =IF(COUNT(L23:N23)<3,"",SQRT(L23^2+M23^2+N23^2)) -> 2.251666 | V23: =IF(COUNT(O23:P23)<2,"",SQRT(O23^2+P23^2)) -> 1.7 | W23: =IF(T23="","",IF(T22="",0,ABS(T23-T22))) -> 0.043417157 | X23: =IF(OR(T23="",U23="",V23=""),"",MIN(100,IF(T23>=Reference!$B$9,Reference!$C$9,IF(T23>=Reference!$B$8,Reference!$C$8,IF(T23>=Reference!$B$7,Reference!$C$7,0)))+IF(U23>=Reference!$B$12,Reference!$C$12,IF(U23>=Reference!$B$11,Reference!$C$11,IF(U23>=Reference!$B$10,Reference!$C$10,0)))+IF(W23>=Reference!$B$13,Reference!$C$13,0)+IF(V23>=Reference!$B$15,Reference!$C$15,IF(V23>=Reference!$B$14,Reference!$C$14,0)))) -> 0 | Y23: =IF(X23="","",IF(X23>=Reference!$B$6,"HIGH",IF(X23>Reference!$B$5,"MODERATE","LOW"))) -> LOW
A24: 3 | B24: =INDEX(Participants!$B$6:$B$20,A24) -> Vishav Gupta | C24: 3 | D24: 0.38418981 | E24: Mid stance | F24: 1905 | G24: 1830 | H24: 1191 | I24: 0.02 | J24: 0.05 | K24: 1.05 | L24: 1.7 | M24: -0.2 | N24: 0.1 | O24: 0.9 | P24: 0.5 | Q24: 176 | R24: 8 | S24: Y | T24: =IF(COUNT(I24:K24)<3,"",SQRT(I24^2+J24^2+K24^2)) -> 1.05138 | U24: =IF(COUNT(L24:N24)<3,"",SQRT(L24^2+M24^2+N24^2)) -> 1.7146428 | V24: =IF(COUNT(O24:P24)<2,"",SQRT(O24^2+P24^2)) -> 1.029563 | W24: =IF(T24="","",IF(T23="",0,ABS(T24-T23))) -> 0.05966436 | X24: =IF(OR(T24="",U24="",V24=""),"",MIN(100,IF(T24>=Reference!$B$9,Reference!$C$9,IF(T24>=Reference!$B$8,Reference!$C$8,IF(T24>=Reference!$B$7,Reference!$C$7,0)))+IF(U24>=Reference!$B$12,Reference!$C$12,IF(U24>=Reference!$B$11,Reference!$C$11,IF(U24>=Reference!$B$10,Reference!$C$10,0)))+IF(W24>=Reference!$B$13,Reference!$C$13,0)+IF(V24>=Reference!$B$15,Reference!$C$15,IF(V24>=Reference!$B$14,Reference!$C$14,0)))) -> 0 | Y24: =IF(X24="","",IF(X24>=Reference!$B$6,"HIGH",IF(X24>Reference!$B$5,"MODERATE","LOW"))) -> LOW
A25: 3 | B25: =INDEX(Participants!$B$6:$B$20,A25) -> Vishav Gupta | C25: 4 | D25: 0.38429398 | E25: Toe off | F25: 2893 | G25: 1090 | H25: 272 | I25: -0.13 | J25: 0.07 | K25: 1.11 | L25: 8.3 | M25: 3.4 | N25: 4.2 | O25: -6.1 | P25: 1.9 | Q25: 174 | R25: 7 | S25: Y | T25: =IF(COUNT(I25:K25)<3,"",SQRT(I25^2+J25^2+K25^2)) -> 1.1197768 | U25: =IF(COUNT(L25:N25)<3,"",SQRT(L25^2+M25^2+N25^2)) -> 9.9040396 | V25: =IF(COUNT(O25:P25)<2,"",SQRT(O25^2+P25^2)) -> 6.3890531 | W25: =IF(T25="","",IF(T24="",0,ABS(T25-T24))) -> 0.068396718 | X25: =IF(OR(T25="",U25="",V25=""),"",MIN(100,IF(T25>=Reference!$B$9,Reference!$C$9,IF(T25>=Reference!$B$8,Reference!$C$8,IF(T25>=Reference!$B$7,Reference!$C$7,0)))+IF(U25>=Reference!$B$12,Reference!$C$12,IF(U25>=Reference!$B$11,Reference!$C$11,IF(U25>=Reference!$B$10,Reference!$C$10,0)))+IF(W25>=Reference!$B$13,Reference!$C$13,0)+IF(V25>=Reference!$B$15,Reference!$C$15,IF(V25>=Reference!$B$14,Reference!$C$14,0)))) -> 0 | Y25: =IF(X25="","",IF(X25>=Reference!$B$6,"HIGH",IF(X25>Reference!$B$5,"MODERATE","LOW"))) -> LOW
A26: 3 | B26: =INDEX(Participants!$B$6:$B$20,A26) -> Vishav Gupta | C26: 5 | D26: 0.384375 | E26: Swing | F26: 101 | G26: 58 | H26: 45 | I26: 0.04 | J26: 0.05 | K26: 0.97 | L26: 16.5 | M26: 4.4 | N26: 6.4 | O26: -10.4 | P26: 2.3 | Q26: 169 | R26: 7 | S26: Y | T26: =IF(COUNT(I26:K26)<3,"",SQRT(I26^2+J26^2+K26^2)) -> 0.9721111 | U26: =IF(COUNT(L26:N26)<3,"",SQRT(L26^2+M26^2+N26^2)) -> 18.236502 | V26: =IF(COUNT(O26:P26)<2,"",SQRT(O26^2+P26^2)) -> 10.651291 | W26: =IF(T26="","",IF(T25="",0,ABS(T26-T25))) -> 0.14766566 | X26: =IF(OR(T26="",U26="",V26=""),"",MIN(100,IF(T26>=Reference!$B$9,Reference!$C$9,IF(T26>=Reference!$B$8,Reference!$C$8,IF(T26>=Reference!$B$7,Reference!$C$7,0)))+IF(U26>=Reference!$B$12,Reference!$C$12,IF(U26>=Reference!$B$11,Reference!$C$11,IF(U26>=Reference!$B$10,Reference!$C$10,0)))+IF(W26>=Reference!$B$13,Reference!$C$13,0)+IF(V26>=Reference!$B$15,Reference!$C$15,IF(V26>=Reference!$B$14,Reference!$C$14,0)))) -> 5 | Y26: =IF(X26="","",IF(X26>=Reference!$B$6,"HIGH",IF(X26>Reference!$B$5,"MODERATE","LOW"))) -> LOW
A27: 3 | B27: =INDEX(Participants!$B$6:$B$20,A27) -> Vishav Gupta | C27: 6 | D27: 0.38446759 | E27: Heel strike | F27: 311 | G27: 514 | H27: 2699 | I27: 0.09 | J27: 0.06 | K27: 1.04 | L27: 5.3 | M27: 2.1 | N27: 2.4 | O27: 3.5 | P27: 1.2 | Q27: 230 | R27: 8 | S27: Y | T27: =IF(COUNT(I27:K27)<3,"",SQRT(I27^2+J27^2+K27^2)) -> 1.0456099 | U27: =IF(COUNT(L27:N27)<3,"",SQRT(L27^2+M27^2+N27^2)) -> 6.1854668 | V27: =IF(COUNT(O27:P27)<2,"",SQRT(O27^2+P27^2)) -> 3.7 | W27: =IF(T27="","",IF(T26="",0,ABS(T27-T26))) -> 0.073498765 | X27: =IF(OR(T27="",U27="",V27=""),"",MIN(100,IF(T27>=Reference!$B$9,Reference!$C$9,IF(T27>=Reference!$B$8,Reference!$C$8,IF(T27>=Reference!$B$7,Reference!$C$7,0)))+IF(U27>=Reference!$B$12,Reference!$C$12,IF(U27>=Reference!$B$11,Reference!$C$11,IF(U27>=Reference!$B$10,Reference!$C$10,0)))+IF(W27>=Reference!$B$13,Reference!$C$13,0)+IF(V27>=Reference!$B$15,Reference!$C$15,IF(V27>=Reference!$B$14,Reference!$C$14,0)))) -> 0 | Y27: =IF(X27="","",IF(X27>=Reference!$B$6,"HIGH",IF(X27>Reference!$B$5,"MODERATE","LOW"))) -> LOW
A28: 3 | B28: =INDEX(Participants!$B$6:$B$20,A28) -> Vishav Gupta | C28: 7 | D28: 0.38452546 | E28: Foot flat | F28: 1052 | G28: 1570 | H28: 2202 | I28: 0.01 | J28: -0.01 | K28: 1 | L28: 2.4 | M28: 1.2 | N28: 0.6 | O28: 1.2 | P28: 0.6 | Q28: 227 | R28: 7 | S28: Y | T28: =IF(COUNT(I28:K28)<3,"",SQRT(I28^2+J28^2+K28^2)) -> 1.0001 | U28: =IF(COUNT(L28:N28)<3,"",SQRT(L28^2+M28^2+N28^2)) -> 2.7495454 | V28: =IF(COUNT(O28:P28)<2,"",SQRT(O28^2+P28^2)) -> 1.3416408 | W28: =IF(T28="","",IF(T27="",0,ABS(T28-T27))) -> 0.045509875 | X28: =IF(OR(T28="",U28="",V28=""),"",MIN(100,IF(T28>=Reference!$B$9,Reference!$C$9,IF(T28>=Reference!$B$8,Reference!$C$8,IF(T28>=Reference!$B$7,Reference!$C$7,0)))+IF(U28>=Reference!$B$12,Reference!$C$12,IF(U28>=Reference!$B$11,Reference!$C$11,IF(U28>=Reference!$B$10,Reference!$C$10,0)))+IF(W28>=Reference!$B$13,Reference!$C$13,0)+IF(V28>=Reference!$B$15,Reference!$C$15,IF(V28>=Reference!$B$14,Reference!$C$14,0)))) -> 0 | Y28: =IF(X28="","",IF(X28>=Reference!$B$6,"HIGH",IF(X28>Reference!$B$5,"MODERATE","LOW"))) -> LOW
A29: 3 | B29: =INDEX(Participants!$B$6:$B$20,A29) -> Vishav Gupta | C29: 8 | D29: 0.3846412 | E29: Toe off | F29: 3128 | G29: 1008 | H29: 239 | I29: -0.1 | J29: 0.05 | K29: 1.08 | L29: 10.4 | M29: 3.5 | N29: 4.6 | O29: -6.8 | P29: 1.8 | Q29: 210 | R29: 7 | S29: Y | T29: =IF(COUNT(I29:K29)<3,"",SQRT(I29^2+J29^2+K29^2)) -> 1.0857716 | U29: =IF(COUNT(L29:N29)<3,"",SQRT(L29^2+M29^2+N29^2)) -> 11.898319 | V29: =IF(COUNT(O29:P29)<2,"",SQRT(O29^2+P29^2)) -> 7.0342022 | W29: =IF(T29="","",IF(T28="",0,ABS(T29-T28))) -> 0.08567162 | X29: =IF(OR(T29="",U29="",V29=""),"",MIN(100,IF(T29>=Reference!$B$9,Reference!$C$9,IF(T29>=Reference!$B$8,Reference!$C$8,IF(T29>=Reference!$B$7,Reference!$C$7,0)))+IF(U29>=Reference!$B$12,Reference!$C$12,IF(U29>=Reference!$B$11,Reference!$C$11,IF(U29>=Reference!$B$10,Reference!$C$10,0)))+IF(W29>=Reference!$B$13,Reference!$C$13,0)+IF(V29>=Reference!$B$15,Reference!$C$15,IF(V29>=Reference!$B$14,Reference!$C$14,0)))) -> 0 | Y29: =IF(X29="","",IF(X29>=Reference!$B$6,"HIGH",IF(X29>Reference!$B$5,"MODERATE","LOW"))) -> LOW
A30: 4 | B30: =INDEX(Participants!$B$6:$B$20,A30) -> Vedant Singh | C30: 1 | D30: 0.40971065 | E30: Standing | F30: 994 | G30: 820 | H30: 1557 | I30: 0 | J30: 0.02 | K30: 0.98 | L30: 1 | M30: 0.3 | N30: 0.4 | O30: 0.8 | P30: 0.4 | Q30: 302 | R30: 3 | S30: N | T30: =IF(COUNT(I30:K30)<3,"",SQRT(I30^2+J30^2+K30^2)) -> 0.98020406 | U30: =IF(COUNT(L30:N30)<3,"",SQRT(L30^2+M30^2+N30^2)) -> 1.118034 | V30: =IF(COUNT(O30:P30)<2,"",SQRT(O30^2+P30^2)) -> 0.89442719 | W30: =IF(T30="","",0) -> 0 | X30: =IF(OR(T30="",U30="",V30=""),"",MIN(100,IF(T30>=Reference!$B$9,Reference!$C$9,IF(T30>=Reference!$B$8,Reference!$C$8,IF(T30>=Reference!$B$7,Reference!$C$7,0)))+IF(U30>=Reference!$B$12,Reference!$C$12,IF(U30>=Reference!$B$11,Reference!$C$11,IF(U30>=Reference!$B$10,Reference!$C$10,0)))+IF(W30>=Reference!$B$13,Reference!$C$13,0)+IF(V30>=Reference!$B$15,Reference!$C$15,IF(V30>=Reference!$B$14,Reference!$C$14,0)))) -> 0 | Y30: =IF(X30="","",IF(X30>=Reference!$B$6,"HIGH",IF(X30>Reference!$B$5,"MODERATE","LOW"))) -> LOW
A31: 4 | B31: =INDEX(Participants!$B$6:$B$20,A31) -> Vedant Singh | C31: 2 | D31: 0.40983796 | E31: Standing | F31: 1148 | G31: 969 | H31: 1692 | I31: 0.01 | J31: 0.02 | K31: 0.98 | L31: 0.8 | M31: 1 | N31: 0.5 | O31: 1.1 | P31: 0.7 | Q31: 349 | R31: 3 | S31: N | T31: =IF(COUNT(I31:K31)<3,"",SQRT(I31^2+J31^2+K31^2)) -> 0.98025507 | U31: =IF(COUNT(L31:N31)<3,"",SQRT(L31^2+M31^2+N31^2)) -> 1.3747727 | V31: =IF(COUNT(O31:P31)<2,"",SQRT(O31^2+P31^2)) -> 1.3038405 | W31: =IF(T31="","",IF(T30="",0,ABS(T31-T30))) -> 5.1008459e-05 | X31: =IF(OR(T31="",U31="",V31=""),"",MIN(100,IF(T31>=Reference!$B$9,Reference!$C$9,IF(T31>=Reference!$B$8,Reference!$C$8,IF(T31>=Reference!$B$7,Reference!$C$7,0)))+IF(U31>=Reference!$B$12,Reference!$C$12,IF(U31>=Reference!$B$11,Reference!$C$11,IF(U31>=Reference!$B$10,Reference!$C$10,0)))+IF(W31>=Reference!$B$13,Reference!$C$13,0)+IF(V31>=Reference!$B$15,Reference!$C$15,IF(V31>=Reference!$B$14,Reference!$C$14,0)))) -> 0 | Y31: =IF(X31="","",IF(X31>=Reference!$B$6,"HIGH",IF(X31>Reference!$B$5,"MODERATE","LOW"))) -> LOW
A32: 4 | B32: =INDEX(Participants!$B$6:$B$20,A32) -> Vedant Singh | C32: 3 | D32: 0.4099537 | E32: Standing | F32: 1161 | G32: 953 | H32: 1804 | I32: 0.01 | J32: 0.02 | K32: 1 | L32: 0.3 | M32: 0.5 | N32: 0.4 | O32: 0.8 | P32: 0.3 | Q32: 299 | R32: 3 | S32: N | T32: =IF(COUNT(I32:K32)<3,"",SQRT(I32^2+J32^2+K32^2)) -> 1.00025 | U32: =IF(COUNT(L32:N32)<3,"",SQRT(L32^2+M32^2+N32^2)) -> 0.70710678 | V32: =IF(COUNT(O32:P32)<2,"",SQRT(O32^2+P32^2)) -> 0.85440037 | W32: =IF(T32="","",IF(T31="",0,ABS(T32-T31))) -> 0.0199949 | X32: =IF(OR(T32="",U32="",V32=""),"",MIN(100,IF(T32>=Reference!$B$9,Reference!$C$9,IF(T32>=Reference!$B$8,Reference!$C$8,IF(T32>=Reference!$B$7,Reference!$C$7,0)))+IF(U32>=Reference!$B$12,Reference!$C$12,IF(U32>=Reference!$B$11,Reference!$C$11,IF(U32>=Reference!$B$10,Reference!$C$10,0)))+IF(W32>=Reference!$B$13,Reference!$C$13,0)+IF(V32>=Reference!$B$15,Reference!$C$15,IF(V32>=Reference!$B$14,Reference!$C$14,0)))) -> 0 | Y32: =IF(X32="","",IF(X32>=Reference!$B$6,"HIGH",IF(X32>Reference!$B$5,"MODERATE","LOW"))) -> LOW
A33: 4 | B33: =INDEX(Participants!$B$6:$B$20,A33) -> Vedant Singh | C33: 4 | D33: 0.41012731 | E33: Weight shift | F33: 1316 | G33: 937 | H33: 1612 | I33: 0.04 | J33: 0.04 | K33: 1 | L33: 2.3 | M33: 1 | N33: 1.2 | O33: 1.8 | P33: 0.9 | Q33: 307 | R33: 3 | S33: N | T33: =IF(COUNT(I33:K33)<3,"",SQRT(I33^2+J33^2+K33^2)) -> 1.0015987 | U33: =IF(COUNT(L33:N33)<3,"",SQRT(L33^2+M33^2+N33^2)) -> 2.7802878 | V33: =IF(COUNT(O33:P33)<2,"",SQRT(O33^2+P33^2)) -> 2.0124612 | W33: =IF(T33="","",IF(T32="",0,ABS(T33-T32))) -> 0.0013487533 | X33: =IF(OR(T33="",U33="",V33=""),"",MIN(100,IF(T33>=Reference!$B$9,Reference!$C$9,IF(T33>=Reference!$B$8,Reference!$C$8,IF(T33>=Reference!$B$7,Reference!$C$7,0)))+IF(U33>=Reference!$B$12,Reference!$C$12,IF(U33>=Reference!$B$11,Reference!$C$11,IF(U33>=Reference!$B$10,Reference!$C$10,0)))+IF(W33>=Reference!$B$13,Reference!$C$13,0)+IF(V33>=Reference!$B$15,Reference!$C$15,IF(V33>=Reference!$B$14,Reference!$C$14,0)))) -> 0 | Y33: =IF(X33="","",IF(X33>=Reference!$B$6,"HIGH",IF(X33>Reference!$B$5,"MODERATE","LOW"))) -> LOW
A34: 4 | B34: =INDEX(Participants!$B$6:$B$20,A34) -> Vedant Singh | C34: 5 | D34: 0.41024306 | E34: Standing | F34: 1270 | G34: 842 | H34: 1740 | I34: 0.01 | J34: 0.04 | K34: 0.98 | L34: 0.2 | M34: 0.7 | N34: 0.1 | O34: 1 | P34: 0.4 | Q34: 288 | R34: 3 | S34: N | T34: =IF(COUNT(I34:K34)<3,"",SQRT(I34^2+J34^2+K34^2)) -> 0.98086696 | U34: =IF(COUNT(L34:N34)<3,"",SQRT(L34^2+M34^2+N34^2)) -> 0.73484692 | V34: =IF(COUNT(O34:P34)<2,"",SQRT(O34^2+P34^2)) -> 1.077033 | W34: =IF(T34="","",IF(T33="",0,ABS(T34-T33))) -> 0.020731759 | X34: =IF(OR(T34="",U34="",V34=""),"",MIN(100,IF(T34>=Reference!$B$9,Reference!$C$9,IF(T34>=Reference!$B$8,Reference!$C$8,IF(T34>=Reference!$B$7,Reference!$C$7,0)))+IF(U34>=Reference!$B$12,Reference!$C$12,IF(U34>=Reference!$B$11,Reference!$C$11,IF(U34>=Reference!$B$10,Reference!$C$10,0)))+IF(W34>=Reference!$B$13,Reference!$C$13,0)+IF(V34>=Reference!$B$15,Reference!$C$15,IF(V34>=Reference!$B$14,Reference!$C$14,0)))) -> 0 | Y34: =IF(X34="","",IF(X34>=Reference!$B$6,"HIGH",IF(X34>Reference!$B$5,"MODERATE","LOW"))) -> LOW
A35: 4 | B35: =INDEX(Participants!$B$6:$B$20,A35) -> Vedant Singh | C35: 6 | D35: 0.41033565 | E35: Weight shift | F35: 1423 | G35: 1098 | H35: 1618 | I35: 0.05 | J35: 0.03 | K35: 0.99 | L35: 2.2 | M35: 1.9 | N35: 1.2 | O35: 1.9 | P35: 1 | Q35: 316 | R35: 3 | S35: N | T35: =IF(COUNT(I35:K35)<3,"",SQRT(I35^2+J35^2+K35^2)) -> 0.99171569 | U35: =IF(COUNT(L35:N35)<3,"",SQRT(L35^2+M35^2+N35^2)) -> 3.144837 | V35: =IF(COUNT(O35:P35)<2,"",SQRT(O35^2+P35^2)) -> 2.1470911 | W35: =IF(T35="","",IF(T34="",0,ABS(T35-T34))) -> 0.010848722 | X35: =IF(OR(T35="",U35="",V35=""),"",MIN(100,IF(T35>=Reference!$B$9,Reference!$C$9,IF(T35>=Reference!$B$8,Reference!$C$8,IF(T35>=Reference!$B$7,Reference!$C$7,0)))+IF(U35>=Reference!$B$12,Reference!$C$12,IF(U35>=Reference!$B$11,Reference!$C$11,IF(U35>=Reference!$B$10,Reference!$C$10,0)))+IF(W35>=Reference!$B$13,Reference!$C$13,0)+IF(V35>=Reference!$B$15,Reference!$C$15,IF(V35>=Reference!$B$14,Reference!$C$14,0)))) -> 0 | Y35: =IF(X35="","",IF(X35>=Reference!$B$6,"HIGH",IF(X35>Reference!$B$5,"MODERATE","LOW"))) -> LOW
A36: 4 | B36: =INDEX(Participants!$B$6:$B$20,A36) -> Vedant Singh | C36: 7 | D36: 0.41049769 | E36: Standing | F36: 1143 | G36: 799 | H36: 1614 | I36: 0.02 | J36: 0 | K36: 1 | L36: 0.2 | M36: 0.1 | N36: 1 | O36: 0.8 | P36: 0.5 | Q36: 324 | R36: 3 | S36: N | T36: =IF(COUNT(I36:K36)<3,"",SQRT(I36^2+J36^2+K36^2)) -> 1.0002 | U36: =IF(COUNT(L36:N36)<3,"",SQRT(L36^2+M36^2+N36^2)) -> 1.0246951 | V36: =IF(COUNT(O36:P36)<2,"",SQRT(O36^2+P36^2)) -> 0.94339811 | W36: =IF(T36="","",IF(T35="",0,ABS(T36-T35))) -> 0.0084842949 | X36: =IF(OR(T36="",U36="",V36=""),"",MIN(100,IF(T36>=Reference!$B$9,Reference!$C$9,IF(T36>=Reference!$B$8,Reference!$C$8,IF(T36>=Reference!$B$7,Reference!$C$7,0)))+IF(U36>=Reference!$B$12,Reference!$C$12,IF(U36>=Reference!$B$11,Reference!$C$11,IF(U36>=Reference!$B$10,Reference!$C$10,0)))+IF(W36>=Reference!$B$13,Reference!$C$13,0)+IF(V36>=Reference!$B$15,Reference!$C$15,IF(V36>=Reference!$B$14,Reference!$C$14,0)))) -> 0 | Y36: =IF(X36="","",IF(X36>=Reference!$B$6,"HIGH",IF(X36>Reference!$B$5,"MODERATE","LOW"))) -> LOW
A37: 4 | B37: =INDEX(Participants!$B$6:$B$20,A37) -> Vedant Singh | C37: 8 | D37: 0.410625 | E37: Standing | F37: 1132 | G37: 884 | H37: 1712 | I37: 0 | J37: 0.03 | K37: 1.02 | L37: 1.4 | M37: 0.3 | N37: 0.5 | O37: 1.1 | P37: 0.4 | Q37: 353 | R37: 3 | S37: N | T37: =IF(COUNT(I37:K37)<3,"",SQRT(I37^2+J37^2+K37^2)) -> 1.0204411 | U37: =IF(COUNT(L37:N37)<3,"",SQRT(L37^2+M37^2+N37^2)) -> 1.5165751 | V37: =IF(COUNT(O37:P37)<2,"",SQRT(O37^2+P37^2)) -> 1.17047 | W37: =IF(T37="","",IF(T36="",0,ABS(T37-T36))) -> 0.020241101 | X37: =IF(OR(T37="",U37="",V37=""),"",MIN(100,IF(T37>=Reference!$B$9,Reference!$C$9,IF(T37>=Reference!$B$8,Reference!$C$8,IF(T37>=Reference!$B$7,Reference!$C$7,0)))+IF(U37>=Reference!$B$12,Reference!$C$12,IF(U37>=Reference!$B$11,Reference!$C$11,IF(U37>=Reference!$B$10,Reference!$C$10,0)))+IF(W37>=Reference!$B$13,Reference!$C$13,0)+IF(V37>=Reference!$B$15,Reference!$C$15,IF(V37>=Reference!$B$14,Reference!$C$14,0)))) -> 0 | Y37: =IF(X37="","",IF(X37>=Reference!$B$6,"HIGH",IF(X37>Reference!$B$5,"MODERATE","LOW"))) -> LOW
A38: 5 | B38: =INDEX(Participants!$B$6:$B$20,A38) -> Daksh Jain | C38: 1 | D38: 0.4012963 | E38: Walking | F38: 634 | G38: 769 | H38: 3220 | I38: 0.08 | J38: 0.04 | K38: 1.03 | L38: 6 | M38: 3.3 | N38: 4 | O38: 2.8 | P38: 1.1 | Q38: 116 | R38: 6 | S38: Y | T38: =IF(COUNT(I38:K38)<3,"",SQRT(I38^2+J38^2+K38^2)) -> 1.0338762 | U38: =IF(COUNT(L38:N38)<3,"",SQRT(L38^2+M38^2+N38^2)) -> 7.9303216 | V38: =IF(COUNT(O38:P38)<2,"",SQRT(O38^2+P38^2)) -> 3.0083218 | W38: =IF(T38="","",0) -> 0 | X38: =IF(OR(T38="",U38="",V38=""),"",MIN(100,IF(T38>=Reference!$B$9,Reference!$C$9,IF(T38>=Reference!$B$8,Reference!$C$8,IF(T38>=Reference!$B$7,Reference!$C$7,0)))+IF(U38>=Reference!$B$12,Reference!$C$12,IF(U38>=Reference!$B$11,Reference!$C$11,IF(U38>=Reference!$B$10,Reference!$C$10,0)))+IF(W38>=Reference!$B$13,Reference!$C$13,0)+IF(V38>=Reference!$B$15,Reference!$C$15,IF(V38>=Reference!$B$14,Reference!$C$14,0)))) -> 0 | Y38: =IF(X38="","",IF(X38>=Reference!$B$6,"HIGH",IF(X38>Reference!$B$5,"MODERATE","LOW"))) -> LOW
A39: 5 | B39: =INDEX(Participants!$B$6:$B$20,A39) -> Daksh Jain | C39: 2 | D39: 0.40136574 | E39: Walking | F39: 1487 | G39: 1850 | H39: 2423 | I39: 0.12 | J39: 0.08 | K39: 1.06 | L39: 9.1 | M39: 4.9 | N39: 6 | O39: 3.4 | P39: 1.5 | Q39: 102 | R39: 5 | S39: Y | T39: =IF(COUNT(I39:K39)<3,"",SQRT(I39^2+J39^2+K39^2)) -> 1.0697663 | U39: =IF(COUNT(L39:N39)<3,"",SQRT(L39^2+M39^2+N39^2)) -> 11.950732 | V39: =IF(COUNT(O39:P39)<2,"",SQRT(O39^2+P39^2)) -> 3.7161808 | W39: =IF(T39="","",IF(T38="",0,ABS(T39-T38))) -> 0.035890128 | X39: =IF(OR(T39="",U39="",V39=""),"",MIN(100,IF(T39>=Reference!$B$9,Reference!$C$9,IF(T39>=Reference!$B$8,Reference!$C$8,IF(T39>=Reference!$B$7,Reference!$C$7,0)))+IF(U39>=Reference!$B$12,Reference!$C$12,IF(U39>=Reference!$B$11,Reference!$C$11,IF(U39>=Reference!$B$10,Reference!$C$10,0)))+IF(W39>=Reference!$B$13,Reference!$C$13,0)+IF(V39>=Reference!$B$15,Reference!$C$15,IF(V39>=Reference!$B$14,Reference!$C$14,0)))) -> 0 | Y39: =IF(X39="","",IF(X39>=Reference!$B$6,"HIGH",IF(X39>Reference!$B$5,"MODERATE","LOW"))) -> LOW
A40: 5 | B40: =INDEX(Participants!$B$6:$B$20,A40) -> Daksh Jain | C40: 3 | D40: 0.40143519 | E40: Trip begins | F40: 4084 | G40: 1221 | H40: 119 | I40: 0.88 | J40: 0.43 | K40: 1.62 | L40: 45.9 | M40: 27.3 | N40: 38.9 | O40: 13.8 | P40: 9.2 | Q40: 63 | R40: 5 | S40: Y | T40: =IF(COUNT(I40:K40)<3,"",SQRT(I40^2+J40^2+K40^2)) -> 1.8930663 | U40: =IF(COUNT(L40:N40)<3,"",SQRT(L40^2+M40^2+N40^2)) -> 66.070493 | V40: =IF(COUNT(O40:P40)<2,"",SQRT(O40^2+P40^2)) -> 16.585536 | W40: =IF(T40="","",IF(T39="",0,ABS(T40-T39))) -> 0.82329997 | X40: =IF(OR(T40="",U40="",V40=""),"",MIN(100,IF(T40>=Reference!$B$9,Reference!$C$9,IF(T40>=Reference!$B$8,Reference!$C$8,IF(T40>=Reference!$B$7,Reference!$C$7,0)))+IF(U40>=Reference!$B$12,Reference!$C$12,IF(U40>=Reference!$B$11,Reference!$C$11,IF(U40>=Reference!$B$10,Reference!$C$10,0)))+IF(W40>=Reference!$B$13,Reference!$C$13,0)+IF(V40>=Reference!$B$15,Reference!$C$15,IF(V40>=Reference!$B$14,Reference!$C$14,0)))) -> 70 | Y40: =IF(X40="","",IF(X40>=Reference!$B$6,"HIGH",IF(X40>Reference!$B$5,"MODERATE","LOW"))) -> HIGH
A41: 5 | B41: =INDEX(Participants!$B$6:$B$20,A41) -> Daksh Jain | C41: 4 | D41: 0.4015162 | E41: Stumble peak | F41: 3684 | G41: 2717 | H41: 374 | I41: 1.63 | J41: -0.95 | K41: 2.31 | L41: 90 | M41: 60.6 | N41: 72.9 | O41: 21 | P41: 12 | Q41: 39 | R41: 5 | S41: Y | T41: =IF(COUNT(I41:K41)<3,"",SQRT(I41^2+J41^2+K41^2)) -> 2.9825325 | U41: =IF(COUNT(L41:N41)<3,"",SQRT(L41^2+M41^2+N41^2)) -> 130.71637 | V41: =IF(COUNT(O41:P41)<2,"",SQRT(O41^2+P41^2)) -> 24.186773 | W41: =IF(T41="","",IF(T40="",0,ABS(T41-T40))) -> 1.0894662 | X41: =IF(OR(T41="",U41="",V41=""),"",MIN(100,IF(T41>=Reference!$B$9,Reference!$C$9,IF(T41>=Reference!$B$8,Reference!$C$8,IF(T41>=Reference!$B$7,Reference!$C$7,0)))+IF(U41>=Reference!$B$12,Reference!$C$12,IF(U41>=Reference!$B$11,Reference!$C$11,IF(U41>=Reference!$B$10,Reference!$C$10,0)))+IF(W41>=Reference!$B$13,Reference!$C$13,0)+IF(V41>=Reference!$B$15,Reference!$C$15,IF(V41>=Reference!$B$14,Reference!$C$14,0)))) -> 100 | Y41: =IF(X41="","",IF(X41>=Reference!$B$6,"HIGH",IF(X41>Reference!$B$5,"MODERATE","LOW"))) -> HIGH
A42: 5 | B42: =INDEX(Participants!$B$6:$B$20,A42) -> Daksh Jain | C42: 5 | D42: 0.40155093 | E42: Recovery | F42: 2161 | G42: 2450 | H42: 1902 | I42: 0.54 | J42: 0.32 | K42: 1.4 | L42: 30.9 | M42: 18.1 | N42: 22.2 | O42: 8.8 | P42: 6.3 | Q42: 40 | R42: 6 | S42: Y | T42: =IF(COUNT(I42:K42)<3,"",SQRT(I42^2+J42^2+K42^2)) -> 1.5342751 | U42: =IF(COUNT(L42:N42)<3,"",SQRT(L42^2+M42^2+N42^2)) -> 42.133834 | V42: =IF(COUNT(O42:P42)<2,"",SQRT(O42^2+P42^2)) -> 10.822661 | W42: =IF(T42="","",IF(T41="",0,ABS(T42-T41))) -> 1.4482574 | X42: =IF(OR(T42="",U42="",V42=""),"",MIN(100,IF(T42>=Reference!$B$9,Reference!$C$9,IF(T42>=Reference!$B$8,Reference!$C$8,IF(T42>=Reference!$B$7,Reference!$C$7,0)))+IF(U42>=Reference!$B$12,Reference!$C$12,IF(U42>=Reference!$B$11,Reference!$C$11,IF(U42>=Reference!$B$10,Reference!$C$10,0)))+IF(W42>=Reference!$B$13,Reference!$C$13,0)+IF(V42>=Reference!$B$15,Reference!$C$15,IF(V42>=Reference!$B$14,Reference!$C$14,0)))) -> 65 | Y42: =IF(X42="","",IF(X42>=Reference!$B$6,"HIGH",IF(X42>Reference!$B$5,"MODERATE","LOW"))) -> MODERATE
A43: 5 | B43: =INDEX(Participants!$B$6:$B$20,A43) -> Daksh Jain | C43: 6 | D43: 0.40159722 | E43: Steadying | F43: 1458 | G43: 1583 | H43: 2136 | I43: 0.14 | J43: 0.07 | K43: 1.13 | L43: 8.1 | M43: 4.9 | N43: 5 | O43: 4.2 | P43: 2.6 | Q43: 73 | R43: 7 | S43: Y | T43: =IF(COUNT(I43:K43)<3,"",SQRT(I43^2+J43^2+K43^2)) -> 1.1407892 | U43: =IF(COUNT(L43:N43)<3,"",SQRT(L43^2+M43^2+N43^2)) -> 10.706073 | V43: =IF(COUNT(O43:P43)<2,"",SQRT(O43^2+P43^2)) -> 4.9396356 | W43: =IF(T43="","",IF(T42="",0,ABS(T43-T42))) -> 0.39348587 | X43: =IF(OR(T43="",U43="",V43=""),"",MIN(100,IF(T43>=Reference!$B$9,Reference!$C$9,IF(T43>=Reference!$B$8,Reference!$C$8,IF(T43>=Reference!$B$7,Reference!$C$7,0)))+IF(U43>=Reference!$B$12,Reference!$C$12,IF(U43>=Reference!$B$11,Reference!$C$11,IF(U43>=Reference!$B$10,Reference!$C$10,0)))+IF(W43>=Reference!$B$13,Reference!$C$13,0)+IF(V43>=Reference!$B$15,Reference!$C$15,IF(V43>=Reference!$B$14,Reference!$C$14,0)))) -> 0 | Y43: =IF(X43="","",IF(X43>=Reference!$B$6,"HIGH",IF(X43>Reference!$B$5,"MODERATE","LOW"))) -> LOW
A44: 5 | B44: =INDEX(Participants!$B$6:$B$20,A44) -> Daksh Jain | C44: 7 | D44: 0.40172454 | E44: Standing | F44: 1183 | G44: 950 | H44: 1741 | I44: 0 | J44: 0.04 | K44: 1.02 | L44: 1.3 | M44: 0.9 | N44: 0.9 | O44: 1.2 | P44: 0.8 | Q44: 158 | R44: 5 | S44: Y | T44: =IF(COUNT(I44:K44)<3,"",SQRT(I44^2+J44^2+K44^2)) -> 1.020784 | U44: =IF(COUNT(L44:N44)<3,"",SQRT(L44^2+M44^2+N44^2)) -> 1.8193405 | V44: =IF(COUNT(O44:P44)<2,"",SQRT(O44^2+P44^2)) -> 1.4422205 | W44: =IF(T44="","",IF(T43="",0,ABS(T44-T43))) -> 0.12000519 | X44: =IF(OR(T44="",U44="",V44=""),"",MIN(100,IF(T44>=Reference!$B$9,Reference!$C$9,IF(T44>=Reference!$B$8,Reference!$C$8,IF(T44>=Reference!$B$7,Reference!$C$7,0)))+IF(U44>=Reference!$B$12,Reference!$C$12,IF(U44>=Reference!$B$11,Reference!$C$11,IF(U44>=Reference!$B$10,Reference!$C$10,0)))+IF(W44>=Reference!$B$13,Reference!$C$13,0)+IF(V44>=Reference!$B$15,Reference!$C$15,IF(V44>=Reference!$B$14,Reference!$C$14,0)))) -> 0 | Y44: =IF(X44="","",IF(X44>=Reference!$B$6,"HIGH",IF(X44>Reference!$B$5,"MODERATE","LOW"))) -> LOW
A45: 5 | B45: =INDEX(Participants!$B$6:$B$20,A45) -> Daksh Jain | C45: 8 | D45: 0.40186343 | E45: Standing | F45: 1147 | G45: 904 | H45: 1693 | I45: 0.02 | J45: 0.03 | K45: 0.98 | L45: 0.4 | M45: 0.9 | N45: 0.2 | O45: 0.9 | P45: 0.5 | Q45: 161 | R45: 6 | S45: Y | T45: =IF(COUNT(I45:K45)<3,"",SQRT(I45^2+J45^2+K45^2)) -> 0.98066304 | U45: =IF(COUNT(L45:N45)<3,"",SQRT(L45^2+M45^2+N45^2)) -> 1.0049876 | V45: =IF(COUNT(O45:P45)<2,"",SQRT(O45^2+P45^2)) -> 1.029563 | W45: =IF(T45="","",IF(T44="",0,ABS(T45-T44))) -> 0.040120971 | X45: =IF(OR(T45="",U45="",V45=""),"",MIN(100,IF(T45>=Reference!$B$9,Reference!$C$9,IF(T45>=Reference!$B$8,Reference!$C$8,IF(T45>=Reference!$B$7,Reference!$C$7,0)))+IF(U45>=Reference!$B$12,Reference!$C$12,IF(U45>=Reference!$B$11,Reference!$C$11,IF(U45>=Reference!$B$10,Reference!$C$10,0)))+IF(W45>=Reference!$B$13,Reference!$C$13,0)+IF(V45>=Reference!$B$15,Reference!$C$15,IF(V45>=Reference!$B$14,Reference!$C$14,0)))) -> 0 | Y45: =IF(X45="","",IF(X45>=Reference!$B$6,"HIGH",IF(X45>Reference!$B$5,"MODERATE","LOW"))) -> LOW
A46: 6 | B46: =INDEX(Participants!$B$6:$B$20,A46) -> Sudeep | C46: 1 | D46: 0.38009259 | E46: Heel strike | F46: 343 | G46: 453 | H46: 2575 | I46: 0.07 | J46: 0.06 | K46: 1.04 | L46: 4.8 | M46: 1 | N46: 2.4 | O46: 3.5 | P46: 1.1 | Q46: 216 | R46: 6 | S46: Y | T46: =IF(COUNT(I46:K46)<3,"",SQRT(I46^2+J46^2+K46^2)) -> 1.0440785 | U46: =IF(COUNT(L46:N46)<3,"",SQRT(L46^2+M46^2+N46^2)) -> 5.4589376 | V46: =IF(COUNT(O46:P46)<2,"",SQRT(O46^2+P46^2)) -> 3.6687873 | W46: =IF(T46="","",0) -> 0 | X46: =IF(OR(T46="",U46="",V46=""),"",MIN(100,IF(T46>=Reference!$B$9,Reference!$C$9,IF(T46>=Reference!$B$8,Reference!$C$8,IF(T46>=Reference!$B$7,Reference!$C$7,0)))+IF(U46>=Reference!$B$12,Reference!$C$12,IF(U46>=Reference!$B$11,Reference!$C$11,IF(U46>=Reference!$B$10,Reference!$C$10,0)))+IF(W46>=Reference!$B$13,Reference!$C$13,0)+IF(V46>=Reference!$B$15,Reference!$C$15,IF(V46>=Reference!$B$14,Reference!$C$14,0)))) -> 0 | Y46: =IF(X46="","",IF(X46>=Reference!$B$6,"HIGH",IF(X46>Reference!$B$5,"MODERATE","LOW"))) -> LOW
A47: 6 | B47: =INDEX(Participants!$B$6:$B$20,A47) -> Sudeep | C47: 2 | D47: 0.38016204 | E47: Foot flat | F47: 1077 | G47: 1567 | H47: 2190 | I47: 0.04 | J47: -0.04 | K47: 1 | L47: 1.1 | M47: 0.6 | N47: 1.5 | O47: 1.2 | P47: 0.8 | Q47: 209 | R47: 7 | S47: Y | T47: =IF(COUNT(I47:K47)<3,"",SQRT(I47^2+J47^2+K47^2)) -> 1.0015987 | U47: =IF(COUNT(L47:N47)<3,"",SQRT(L47^2+M47^2+N47^2)) -> 1.954482 | V47: =IF(COUNT(O47:P47)<2,"",SQRT(O47^2+P47^2)) -> 1.4422205 | W47: =IF(T47="","",IF(T46="",0,ABS(T47-T46))) -> 0.042479819 | X47: =IF(OR(T47="",U47="",V47=""),"",MIN(100,IF(T47>=Reference!$B$9,Reference!$C$9,IF(T47>=Reference!$B$8,Reference!$C$8,IF(T47>=Reference!$B$7,Reference!$C$7,0)))+IF(U47>=Reference!$B$12,Reference!$C$12,IF(U47>=Reference!$B$11,Reference!$C$11,IF(U47>=Reference!$B$10,Reference!$C$10,0)))+IF(W47>=Reference!$B$13,Reference!$C$13,0)+IF(V47>=Reference!$B$15,Reference!$C$15,IF(V47>=Reference!$B$14,Reference!$C$14,0)))) -> 0 | Y47: =IF(X47="","",IF(X47>=Reference!$B$6,"HIGH",IF(X47>Reference!$B$5,"MODERATE","LOW"))) -> LOW
A48: 6 | B48: =INDEX(Participants!$B$6:$B$20,A48) -> Sudeep | C48: 3 | D48: 0.38023148 | E48: Mid stance | F48: 1832 | G48: 1718 | H48: 1013 | I48: 0.02 | J48: 0.04 | K48: 1.06 | L48: 1.9 | M48: -0.6 | N48: 0.1 | O48: 0.9 | P48: 0.5 | Q48: 205 | R48: 7 | S48: Y | T48: =IF(COUNT(I48:K48)<3,"",SQRT(I48^2+J48^2+K48^2)) -> 1.060943 | U48: =IF(COUNT(L48:N48)<3,"",SQRT(L48^2+M48^2+N48^2)) -> 1.9949937 | V48: =IF(COUNT(O48:P48)<2,"",SQRT(O48^2+P48^2)) -> 1.029563 | W48: =IF(T48="","",IF(T47="",0,ABS(T48-T47))) -> 0.059344255 | X48: =IF(OR(T48="",U48="",V48=""),"",MIN(100,IF(T48>=Reference!$B$9,Reference!$C$9,IF(T48>=Reference!$B$8,Reference!$C$8,IF(T48>=Reference!$B$7,Reference!$C$7,0)))+IF(U48>=Reference!$B$12,Reference!$C$12,IF(U48>=Reference!$B$11,Reference!$C$11,IF(U48>=Reference!$B$10,Reference!$C$10,0)))+IF(W48>=Reference!$B$13,Reference!$C$13,0)+IF(V48>=Reference!$B$15,Reference!$C$15,IF(V48>=Reference!$B$14,Reference!$C$14,0)))) -> 0 | Y48: =IF(X48="","",IF(X48>=Reference!$B$6,"HIGH",IF(X48>Reference!$B$5,"MODERATE","LOW"))) -> LOW
A49: 6 | B49: =INDEX(Participants!$B$6:$B$20,A49) -> Sudeep | C49: 4 | D49: 0.3803588 | E49: Toe off | F49: 2869 | G49: 1094 | H49: 267 | I49: -0.13 | J49: 0.06 | K49: 1.14 | L49: 9.5 | M49: 3.4 | N49: 4.1 | O49: -6.9 | P49: 2.1 | Q49: 178 | R49: 6 | S49: Y | T49: =IF(COUNT(I49:K49)<3,"",SQRT(I49^2+J49^2+K49^2)) -> 1.148956 | U49: =IF(COUNT(L49:N49)<3,"",SQRT(L49^2+M49^2+N49^2)) -> 10.891281 | V49: =IF(COUNT(O49:P49)<2,"",SQRT(O49^2+P49^2)) -> 7.2124892 | W49: =IF(T49="","",IF(T48="",0,ABS(T49-T48))) -> 0.088013071 | X49: =IF(OR(T49="",U49="",V49=""),"",MIN(100,IF(T49>=Reference!$B$9,Reference!$C$9,IF(T49>=Reference!$B$8,Reference!$C$8,IF(T49>=Reference!$B$7,Reference!$C$7,0)))+IF(U49>=Reference!$B$12,Reference!$C$12,IF(U49>=Reference!$B$11,Reference!$C$11,IF(U49>=Reference!$B$10,Reference!$C$10,0)))+IF(W49>=Reference!$B$13,Reference!$C$13,0)+IF(V49>=Reference!$B$15,Reference!$C$15,IF(V49>=Reference!$B$14,Reference!$C$14,0)))) -> 0 | Y49: =IF(X49="","",IF(X49>=Reference!$B$6,"HIGH",IF(X49>Reference!$B$5,"MODERATE","LOW"))) -> LOW
A50: 6 | B50: =INDEX(Participants!$B$6:$B$20,A50) -> Sudeep | C50: 5 | D50: 0.38045139 | E50: Swing | F50: 91 | G50: 56 | H50: 38 | I50: 0.06 | J50: 0.01 | K50: 0.96 | L50: 14.7 | M50: 4.6 | N50: 6 | O50: -10.4 | P50: 2.6 | Q50: 168 | R50: 7 | S50: Y | T50: =IF(COUNT(I50:K50)<3,"",SQRT(I50^2+J50^2+K50^2)) -> 0.96192515 | U50: =IF(COUNT(L50:N50)<3,"",SQRT(L50^2+M50^2+N50^2)) -> 16.530275 | V50: =IF(COUNT(O50:P50)<2,"",SQRT(O50^2+P50^2)) -> 10.720075 | W50: =IF(T50="","",IF(T49="",0,ABS(T50-T49))) -> 0.18703089 | X50: =IF(OR(T50="",U50="",V50=""),"",MIN(100,IF(T50>=Reference!$B$9,Reference!$C$9,IF(T50>=Reference!$B$8,Reference!$C$8,IF(T50>=Reference!$B$7,Reference!$C$7,0)))+IF(U50>=Reference!$B$12,Reference!$C$12,IF(U50>=Reference!$B$11,Reference!$C$11,IF(U50>=Reference!$B$10,Reference!$C$10,0)))+IF(W50>=Reference!$B$13,Reference!$C$13,0)+IF(V50>=Reference!$B$15,Reference!$C$15,IF(V50>=Reference!$B$14,Reference!$C$14,0)))) -> 5 | Y50: =IF(X50="","",IF(X50>=Reference!$B$6,"HIGH",IF(X50>Reference!$B$5,"MODERATE","LOW"))) -> LOW
A51: 6 | B51: =INDEX(Participants!$B$6:$B$20,A51) -> Sudeep | C51: 6 | D51: 0.38054398 | E51: Heel strike | F51: 346 | G51: 478 | H51: 2958 | I51: 0.12 | J51: 0.06 | K51: 1.04 | L51: 5.3 | M51: 2.1 | N51: 1.9 | O51: 3.5 | P51: 1 | Q51: 238 | R51: 6 | S51: Y | T51: =IF(COUNT(I51:K51)<3,"",SQRT(I51^2+J51^2+K51^2)) -> 1.0486181 | U51: =IF(COUNT(L51:N51)<3,"",SQRT(L51^2+M51^2+N51^2)) -> 6.0091597 | V51: =IF(COUNT(O51:P51)<2,"",SQRT(O51^2+P51^2)) -> 3.6400549 | W51: =IF(T51="","",IF(T50="",0,ABS(T51-T50))) -> 0.086692985 | X51: =IF(OR(T51="",U51="",V51=""),"",MIN(100,IF(T51>=Reference!$B$9,Reference!$C$9,IF(T51>=Reference!$B$8,Reference!$C$8,IF(T51>=Reference!$B$7,Reference!$C$7,0)))+IF(U51>=Reference!$B$12,Reference!$C$12,IF(U51>=Reference!$B$11,Reference!$C$11,IF(U51>=Reference!$B$10,Reference!$C$10,0)))+IF(W51>=Reference!$B$13,Reference!$C$13,0)+IF(V51>=Reference!$B$15,Reference!$C$15,IF(V51>=Reference!$B$14,Reference!$C$14,0)))) -> 0 | Y51: =IF(X51="","",IF(X51>=Reference!$B$6,"HIGH",IF(X51>Reference!$B$5,"MODERATE","LOW"))) -> LOW
A52: 6 | B52: =INDEX(Participants!$B$6:$B$20,A52) -> Sudeep | C52: 7 | D52: 0.38060185 | E52: Foot flat | F52: 980 | G52: 1488 | H52: 2221 | I52: 0.04 | J52: -0.01 | K52: 0.99 | L52: 2.2 | M52: 0.4 | N52: 1.6 | O52: 1.2 | P52: 0.8 | Q52: 224 | R52: 8 | S52: Y | T52: =IF(COUNT(I52:K52)<3,"",SQRT(I52^2+J52^2+K52^2)) -> 0.99085821 | U52: =IF(COUNT(L52:N52)<3,"",SQRT(L52^2+M52^2+N52^2)) -> 2.7495454 | V52: =IF(COUNT(O52:P52)<2,"",SQRT(O52^2+P52^2)) -> 1.4422205 | W52: =IF(T52="","",IF(T51="",0,ABS(T52-T51))) -> 0.057759924 | X52: =IF(OR(T52="",U52="",V52=""),"",MIN(100,IF(T52>=Reference!$B$9,Reference!$C$9,IF(T52>=Reference!$B$8,Reference!$C$8,IF(T52>=Reference!$B$7,Reference!$C$7,0)))+IF(U52>=Reference!$B$12,Reference!$C$12,IF(U52>=Reference!$B$11,Reference!$C$11,IF(U52>=Reference!$B$10,Reference!$C$10,0)))+IF(W52>=Reference!$B$13,Reference!$C$13,0)+IF(V52>=Reference!$B$15,Reference!$C$15,IF(V52>=Reference!$B$14,Reference!$C$14,0)))) -> 0 | Y52: =IF(X52="","",IF(X52>=Reference!$B$6,"HIGH",IF(X52>Reference!$B$5,"MODERATE","LOW"))) -> LOW
A53: 6 | B53: =INDEX(Participants!$B$6:$B$20,A53) -> Sudeep | C53: 8 | D53: 0.38070602 | E53: Toe off | F53: 2675 | G53: 978 | H53: 229 | I53: -0.09 | J53: 0.04 | K53: 1.07 | L53: 10.7 | M53: 4.1 | N53: 3.2 | O53: -7 | P53: 2.2 | Q53: 185 | R53: 8 | S53: Y | T53: =IF(COUNT(I53:K53)<3,"",SQRT(I53^2+J53^2+K53^2)) -> 1.0745232 | U53: =IF(COUNT(L53:N53)<3,"",SQRT(L53^2+M53^2+N53^2)) -> 11.897058 | V53: =IF(COUNT(O53:P53)<2,"",SQRT(O53^2+P53^2)) -> 7.3375745 | W53: =IF(T53="","",IF(T52="",0,ABS(T53-T52))) -> 0.083664936 | X53: =IF(OR(T53="",U53="",V53=""),"",MIN(100,IF(T53>=Reference!$B$9,Reference!$C$9,IF(T53>=Reference!$B$8,Reference!$C$8,IF(T53>=Reference!$B$7,Reference!$C$7,0)))+IF(U53>=Reference!$B$12,Reference!$C$12,IF(U53>=Reference!$B$11,Reference!$C$11,IF(U53>=Reference!$B$10,Reference!$C$10,0)))+IF(W53>=Reference!$B$13,Reference!$C$13,0)+IF(V53>=Reference!$B$15,Reference!$C$15,IF(V53>=Reference!$B$14,Reference!$C$14,0)))) -> 0 | Y53: =IF(X53="","",IF(X53>=Reference!$B$6,"HIGH",IF(X53>Reference!$B$5,"MODERATE","LOW"))) -> LOW
A54: 7 | B54: =INDEX(Participants!$B$6:$B$20,A54) -> Dhairya | C54: 1 | D54: 0.3612037 | E54: Heel strike | F54: 640 | G54: 815 | H54: 3152 | I54: 0.2 | J54: 0.11 | K54: 1.17 | L54: 17.5 | M54: 11 | N54: 10 | O54: 4.6 | P54: 1.9 | Q54: 166 | R54: 9 | S54: Y | T54: =IF(COUNT(I54:K54)<3,"",SQRT(I54^2+J54^2+K54^2)) -> 1.192057 | U54: =IF(COUNT(L54:N54)<3,"",SQRT(L54^2+M54^2+N54^2)) -> 22.961925 | V54: =IF(COUNT(O54:P54)<2,"",SQRT(O54^2+P54^2)) -> 4.9769469 | W54: =IF(T54="","",0) -> 0 | X54: =IF(OR(T54="",U54="",V54=""),"",MIN(100,IF(T54>=Reference!$B$9,Reference!$C$9,IF(T54>=Reference!$B$8,Reference!$C$8,IF(T54>=Reference!$B$7,Reference!$C$7,0)))+IF(U54>=Reference!$B$12,Reference!$C$12,IF(U54>=Reference!$B$11,Reference!$C$11,IF(U54>=Reference!$B$10,Reference!$C$10,0)))+IF(W54>=Reference!$B$13,Reference!$C$13,0)+IF(V54>=Reference!$B$15,Reference!$C$15,IF(V54>=Reference!$B$14,Reference!$C$14,0)))) -> 8 | Y54: =IF(X54="","",IF(X54>=Reference!$B$6,"HIGH",IF(X54>Reference!$B$5,"MODERATE","LOW"))) -> LOW
A55: 7 | B55: =INDEX(Participants!$B$6:$B$20,A55) -> Dhairya | C55: 2 | D55: 0.36127315 | E55: Foot flat | F55: 1517 | G55: 2367 | H55: 3227 | I55: 0.19 | J55: -0.07 | K55: 1.13 | L55: 12.2 | M55: 8.3 | N55: 6.4 | O55: 2.6 | P55: 1.7 | Q55: 141 | R55: 7 | S55: Y | T55: =IF(COUNT(I55:K55)<3,"",SQRT(I55^2+J55^2+K55^2)) -> 1.1479983 | U55: =IF(COUNT(L55:N55)<3,"",SQRT(L55^2+M55^2+N55^2)) -> 16.083843 | V55: =IF(COUNT(O55:P55)<2,"",SQRT(O55^2+P55^2)) -> 3.1064449 | W55: =IF(T55="","",IF(T54="",0,ABS(T55-T54))) -> 0.044058788 | X55: =IF(OR(T55="",U55="",V55=""),"",MIN(100,IF(T55>=Reference!$B$9,Reference!$C$9,IF(T55>=Reference!$B$8,Reference!$C$8,IF(T55>=Reference!$B$7,Reference!$C$7,0)))+IF(U55>=Reference!$B$12,Reference!$C$12,IF(U55>=Reference!$B$11,Reference!$C$11,IF(U55>=Reference!$B$10,Reference!$C$10,0)))+IF(W55>=Reference!$B$13,Reference!$C$13,0)+IF(V55>=Reference!$B$15,Reference!$C$15,IF(V55>=Reference!$B$14,Reference!$C$14,0)))) -> 0 | Y55: =IF(X55="","",IF(X55>=Reference!$B$6,"HIGH",IF(X55>Reference!$B$5,"MODERATE","LOW"))) -> LOW
A56: 7 | B56: =INDEX(Participants!$B$6:$B$20,A56) -> Dhairya | C56: 3 | D56: 0.36134259 | E56: Turning | F56: 3428 | G56: 1241 | H56: 443 | I56: -0.34 | J56: 0.2 | K56: 1.31 | L56: 30 | M56: 20.9 | N56: 23.4 | O56: 5.7 | P56: 9.5 | Q56: 132 | R56: 8 | S56: Y | T56: =IF(COUNT(I56:K56)<3,"",SQRT(I56^2+J56^2+K56^2)) -> 1.3681009 | U56: =IF(COUNT(L56:N56)<3,"",SQRT(L56^2+M56^2+N56^2)) -> 43.409331 | V56: =IF(COUNT(O56:P56)<2,"",SQRT(O56^2+P56^2)) -> 11.078809 | W56: =IF(T56="","",IF(T55="",0,ABS(T56-T55))) -> 0.22010262 | X56: =IF(OR(T56="",U56="",V56=""),"",MIN(100,IF(T56>=Reference!$B$9,Reference!$C$9,IF(T56>=Reference!$B$8,Reference!$C$8,IF(T56>=Reference!$B$7,Reference!$C$7,0)))+IF(U56>=Reference!$B$12,Reference!$C$12,IF(U56>=Reference!$B$11,Reference!$C$11,IF(U56>=Reference!$B$10,Reference!$C$10,0)))+IF(W56>=Reference!$B$13,Reference!$C$13,0)+IF(V56>=Reference!$B$15,Reference!$C$15,IF(V56>=Reference!$B$14,Reference!$C$14,0)))) -> 35 | Y56: =IF(X56="","",IF(X56>=Reference!$B$6,"HIGH",IF(X56>Reference!$B$5,"MODERATE","LOW"))) -> LOW
A57: 7 | B57: =INDEX(Participants!$B$6:$B$20,A57) -> Dhairya | C57: 4 | D57: 0.36140046 | E57: Swing | F57: 130 | G57: 90 | H57: 53 | I57: 0.25 | J57: 0.23 | K57: 1.1 | L57: 18.4 | M57: 10.4 | N57: 17.1 | O57: -7.2 | P57: 3.2 | Q57: 169 | R57: 7 | S57: Y | T57: =IF(COUNT(I57:K57)<3,"",SQRT(I57^2+J57^2+K57^2)) -> 1.1512602 | U57: =IF(COUNT(L57:N57)<3,"",SQRT(L57^2+M57^2+N57^2)) -> 27.186945 | V57: =IF(COUNT(O57:P57)<2,"",SQRT(O57^2+P57^2)) -> 7.8790862 | W57: =IF(T57="","",IF(T56="",0,ABS(T57-T56))) -> 0.21684069 | X57: =IF(OR(T57="",U57="",V57=""),"",MIN(100,IF(T57>=Reference!$B$9,Reference!$C$9,IF(T57>=Reference!$B$8,Reference!$C$8,IF(T57>=Reference!$B$7,Reference!$C$7,0)))+IF(U57>=Reference!$B$12,Reference!$C$12,IF(U57>=Reference!$B$11,Reference!$C$11,IF(U57>=Reference!$B$10,Reference!$C$10,0)))+IF(W57>=Reference!$B$13,Reference!$C$13,0)+IF(V57>=Reference!$B$15,Reference!$C$15,IF(V57>=Reference!$B$14,Reference!$C$14,0)))) -> 8 | Y57: =IF(X57="","",IF(X57>=Reference!$B$6,"HIGH",IF(X57>Reference!$B$5,"MODERATE","LOW"))) -> LOW
A58: 7 | B58: =INDEX(Participants!$B$6:$B$20,A58) -> Dhairya | C58: 5 | D58: 0.3615162 | E58: Turning | F58: 761 | G58: 813 | H58: 3469 | I58: 0.62 | J58: 0.36 | K58: 1.4 | L58: 36.5 | M58: 18.6 | N58: 34.9 | O58: 5.7 | P58: 8.7 | Q58: 88 | R58: 9 | S58: Y | T58: =IF(COUNT(I58:K58)<3,"",SQRT(I58^2+J58^2+K58^2)) -> 1.5728954 | U58: =IF(COUNT(L58:N58)<3,"",SQRT(L58^2+M58^2+N58^2)) -> 53.81654 | V58: =IF(COUNT(O58:P58)<2,"",SQRT(O58^2+P58^2)) -> 10.400961 | W58: =IF(T58="","",IF(T57="",0,ABS(T58-T57))) -> 0.42163524 | X58: =IF(OR(T58="",U58="",V58=""),"",MIN(100,IF(T58>=Reference!$B$9,Reference!$C$9,IF(T58>=Reference!$B$8,Reference!$C$8,IF(T58>=Reference!$B$7,Reference!$C$7,0)))+IF(U58>=Reference!$B$12,Reference!$C$12,IF(U58>=Reference!$B$11,Reference!$C$11,IF(U58>=Reference!$B$10,Reference!$C$10,0)))+IF(W58>=Reference!$B$13,Reference!$C$13,0)+IF(V58>=Reference!$B$15,Reference!$C$15,IF(V58>=Reference!$B$14,Reference!$C$14,0)))) -> 65 | Y58: =IF(X58="","",IF(X58>=Reference!$B$6,"HIGH",IF(X58>Reference!$B$5,"MODERATE","LOW"))) -> MODERATE
A59: 7 | B59: =INDEX(Participants!$B$6:$B$20,A59) -> Dhairya | C59: 6 | D59: 0.36159722 | E59: Foot flat | F59: 1521 | G59: 2444 | H59: 2612 | I59: 0.18 | J59: 0.09 | K59: 1.16 | L59: 12.1 | M59: 7.8 | N59: 5.9 | O59: 2.9 | P59: 2 | Q59: 136 | R59: 8 | S59: Y | T59: =IF(COUNT(I59:K59)<3,"",SQRT(I59^2+J59^2+K59^2)) -> 1.1773275 | U59: =IF(COUNT(L59:N59)<3,"",SQRT(L59^2+M59^2+N59^2)) -> 15.558278 | V59: =IF(COUNT(O59:P59)<2,"",SQRT(O59^2+P59^2)) -> 3.522783 | W59: =IF(T59="","",IF(T58="",0,ABS(T59-T58))) -> 0.39556794 | X59: =IF(OR(T59="",U59="",V59=""),"",MIN(100,IF(T59>=Reference!$B$9,Reference!$C$9,IF(T59>=Reference!$B$8,Reference!$C$8,IF(T59>=Reference!$B$7,Reference!$C$7,0)))+IF(U59>=Reference!$B$12,Reference!$C$12,IF(U59>=Reference!$B$11,Reference!$C$11,IF(U59>=Reference!$B$10,Reference!$C$10,0)))+IF(W59>=Reference!$B$13,Reference!$C$13,0)+IF(V59>=Reference!$B$15,Reference!$C$15,IF(V59>=Reference!$B$14,Reference!$C$14,0)))) -> 0 | Y59: =IF(X59="","",IF(X59>=Reference!$B$6,"HIGH",IF(X59>Reference!$B$5,"MODERATE","LOW"))) -> LOW
A60: 7 | B60: =INDEX(Participants!$B$6:$B$20,A60) -> Dhairya | C60: 7 | D60: 0.36165509 | E60: Toe off | F60: 3058 | G60: 1249 | H60: 416 | I60: 0.11 | J60: -0.06 | K60: 1.09 | L60: 8.7 | M60: 3.9 | N60: 2.7 | O60: -5.4 | P60: 2.2 | Q60: 157 | R60: 8 | S60: Y | T60: =IF(COUNT(I60:K60)<3,"",SQRT(I60^2+J60^2+K60^2)) -> 1.0971782 | U60: =IF(COUNT(L60:N60)<3,"",SQRT(L60^2+M60^2+N60^2)) -> 9.9090867 | V60: =IF(COUNT(O60:P60)<2,"",SQRT(O60^2+P60^2)) -> 5.8309519 | W60: =IF(T60="","",IF(T59="",0,ABS(T60-T59))) -> 0.080149283 | X60: =IF(OR(T60="",U60="",V60=""),"",MIN(100,IF(T60>=Reference!$B$9,Reference!$C$9,IF(T60>=Reference!$B$8,Reference!$C$8,IF(T60>=Reference!$B$7,Reference!$C$7,0)))+IF(U60>=Reference!$B$12,Reference!$C$12,IF(U60>=Reference!$B$11,Reference!$C$11,IF(U60>=Reference!$B$10,Reference!$C$10,0)))+IF(W60>=Reference!$B$13,Reference!$C$13,0)+IF(V60>=Reference!$B$15,Reference!$C$15,IF(V60>=Reference!$B$14,Reference!$C$14,0)))) -> 0 | Y60: =IF(X60="","",IF(X60>=Reference!$B$6,"HIGH",IF(X60>Reference!$B$5,"MODERATE","LOW"))) -> LOW
A61: 7 | B61: =INDEX(Participants!$B$6:$B$20,A61) -> Dhairya | C61: 8 | D61: 0.36173611 | E61: Heel strike | F61: 656 | G61: 848 | H61: 3625 | I61: 0.31 | J61: 0.17 | K61: 1.21 | L61: 25.9 | M61: 12.2 | N61: 15.2 | O61: 4.2 | P61: 3.3 | Q61: 126 | R61: 8 | S61: Y | T61: =IF(COUNT(I61:K61)<3,"",SQRT(I61^2+J61^2+K61^2)) -> 1.2605951 | U61: =IF(COUNT(L61:N61)<3,"",SQRT(L61^2+M61^2+N61^2)) -> 32.414349 | V61: =IF(COUNT(O61:P61)<2,"",SQRT(O61^2+P61^2)) -> 5.3413481 | W61: =IF(T61="","",IF(T60="",0,ABS(T61-T60))) -> 0.1634169 | X61: =IF(OR(T61="",U61="",V61=""),"",MIN(100,IF(T61>=Reference!$B$9,Reference!$C$9,IF(T61>=Reference!$B$8,Reference!$C$8,IF(T61>=Reference!$B$7,Reference!$C$7,0)))+IF(U61>=Reference!$B$12,Reference!$C$12,IF(U61>=Reference!$B$11,Reference!$C$11,IF(U61>=Reference!$B$10,Reference!$C$10,0)))+IF(W61>=Reference!$B$13,Reference!$C$13,0)+IF(V61>=Reference!$B$15,Reference!$C$15,IF(V61>=Reference!$B$14,Reference!$C$14,0)))) -> 20 | Y61: =IF(X61="","",IF(X61>=Reference!$B$6,"HIGH",IF(X61>Reference!$B$5,"MODERATE","LOW"))) -> LOW
A62: 8 | B62: =INDEX(Participants!$B$6:$B$20,A62) -> Sanjana | C62: 1 | D62: 0.38622685 | E62: Heel strike | F62: 295 | G62: 446 | H62: 2563 | I62: 0.07 | J62: 0.04 | K62: 1.02 | L62: 4 | M62: 0.9 | N62: 1.8 | O62: 3.3 | P62: 1.1 | Q62: 212 | R62: 8 | S62: Y | T62: =IF(COUNT(I62:K62)<3,"",SQRT(I62^2+J62^2+K62^2)) -> 1.0231813 | U62: =IF(COUNT(L62:N62)<3,"",SQRT(L62^2+M62^2+N62^2)) -> 4.4777226 | V62: =IF(COUNT(O62:P62)<2,"",SQRT(O62^2+P62^2)) -> 3.4785054 | W62: =IF(T62="","",0) -> 0 | X62: =IF(OR(T62="",U62="",V62=""),"",MIN(100,IF(T62>=Reference!$B$9,Reference!$C$9,IF(T62>=Reference!$B$8,Reference!$C$8,IF(T62>=Reference!$B$7,Reference!$C$7,0)))+IF(U62>=Reference!$B$12,Reference!$C$12,IF(U62>=Reference!$B$11,Reference!$C$11,IF(U62>=Reference!$B$10,Reference!$C$10,0)))+IF(W62>=Reference!$B$13,Reference!$C$13,0)+IF(V62>=Reference!$B$15,Reference!$C$15,IF(V62>=Reference!$B$14,Reference!$C$14,0)))) -> 0 | Y62: =IF(X62="","",IF(X62>=Reference!$B$6,"HIGH",IF(X62>Reference!$B$5,"MODERATE","LOW"))) -> LOW
A63: 8 | B63: =INDEX(Participants!$B$6:$B$20,A63) -> Sanjana | C63: 2 | D63: 0.38633102 | E63: Foot flat | F63: 931 | G63: 1551 | H63: 2064 | I63: 0.05 | J63: -0.02 | K63: 0.96 | L63: 1.7 | M63: 0.4 | N63: 1.2 | O63: 1.5 | P63: 0.8 | Q63: 217 | R63: 7 | S63: Y | T63: =IF(COUNT(I63:K63)<3,"",SQRT(I63^2+J63^2+K63^2)) -> 0.96150923 | U63: =IF(COUNT(L63:N63)<3,"",SQRT(L63^2+M63^2+N63^2)) -> 2.118962 | V63: =IF(COUNT(O63:P63)<2,"",SQRT(O63^2+P63^2)) -> 1.7 | W63: =IF(T63="","",IF(T62="",0,ABS(T63-T62))) -> 0.061672083 | X63: =IF(OR(T63="",U63="",V63=""),"",MIN(100,IF(T63>=Reference!$B$9,Reference!$C$9,IF(T63>=Reference!$B$8,Reference!$C$8,IF(T63>=Reference!$B$7,Reference!$C$7,0)))+IF(U63>=Reference!$B$12,Reference!$C$12,IF(U63>=Reference!$B$11,Reference!$C$11,IF(U63>=Reference!$B$10,Reference!$C$10,0)))+IF(W63>=Reference!$B$13,Reference!$C$13,0)+IF(V63>=Reference!$B$15,Reference!$C$15,IF(V63>=Reference!$B$14,Reference!$C$14,0)))) -> 0 | Y63: =IF(X63="","",IF(X63>=Reference!$B$6,"HIGH",IF(X63>Reference!$B$5,"MODERATE","LOW"))) -> LOW
A64: 8 | B64: =INDEX(Participants!$B$6:$B$20,A64) -> Sanjana | C64: 3 | D64: 0.38640046 | E64: Mid stance | F64: 1659 | G64: 1721 | H64: 991 | I64: 0.01 | J64: 0.04 | K64: 1.05 | L64: 2.3 | M64: -1.1 | N64: 0.6 | O64: 0.9 | P64: 0.5 | Q64: 173 | R64: 8 | S64: Y | T64: =IF(COUNT(I64:K64)<3,"",SQRT(I64^2+J64^2+K64^2)) -> 1.0508092 | U64: =IF(COUNT(L64:N64)<3,"",SQRT(L64^2+M64^2+N64^2)) -> 2.6191602 | V64: =IF(COUNT(O64:P64)<2,"",SQRT(O64^2+P64^2)) -> 1.029563 | W64: =IF(T64="","",IF(T63="",0,ABS(T64-T63))) -> 0.089299982 | X64: =IF(OR(T64="",U64="",V64=""),"",MIN(100,IF(T64>=Reference!$B$9,Reference!$C$9,IF(T64>=Reference!$B$8,Reference!$C$8,IF(T64>=Reference!$B$7,Reference!$C$7,0)))+IF(U64>=Reference!$B$12,Reference!$C$12,IF(U64>=Reference!$B$11,Reference!$C$11,IF(U64>=Reference!$B$10,Reference!$C$10,0)))+IF(W64>=Reference!$B$13,Reference!$C$13,0)+IF(V64>=Reference!$B$15,Reference!$C$15,IF(V64>=Reference!$B$14,Reference!$C$14,0)))) -> 0 | Y64: =IF(X64="","",IF(X64>=Reference!$B$6,"HIGH",IF(X64>Reference!$B$5,"MODERATE","LOW"))) -> LOW
A65: 8 | B65: =INDEX(Participants!$B$6:$B$20,A65) -> Sanjana | C65: 4 | D65: 0.38649306 | E65: Toe off | F65: 2548 | G65: 1062 | H65: 237 | I65: -0.11 | J65: 0.07 | K65: 1.1 | L65: 9.4 | M65: 3.1 | N65: 4.3 | O65: -5.9 | P65: 1.9 | Q65: 153 | R65: 7 | S65: Y | T65: =IF(COUNT(I65:K65)<3,"",SQRT(I65^2+J65^2+K65^2)) -> 1.1077003 | U65: =IF(COUNT(L65:N65)<3,"",SQRT(L65^2+M65^2+N65^2)) -> 10.791663 | V65: =IF(COUNT(O65:P65)<2,"",SQRT(O65^2+P65^2)) -> 6.1983869 | W65: =IF(T65="","",IF(T64="",0,ABS(T65-T64))) -> 0.056891108 | X65: =IF(OR(T65="",U65="",V65=""),"",MIN(100,IF(T65>=Reference!$B$9,Reference!$C$9,IF(T65>=Reference!$B$8,Reference!$C$8,IF(T65>=Reference!$B$7,Reference!$C$7,0)))+IF(U65>=Reference!$B$12,Reference!$C$12,IF(U65>=Reference!$B$11,Reference!$C$11,IF(U65>=Reference!$B$10,Reference!$C$10,0)))+IF(W65>=Reference!$B$13,Reference!$C$13,0)+IF(V65>=Reference!$B$15,Reference!$C$15,IF(V65>=Reference!$B$14,Reference!$C$14,0)))) -> 0 | Y65: =IF(X65="","",IF(X65>=Reference!$B$6,"HIGH",IF(X65>Reference!$B$5,"MODERATE","LOW"))) -> LOW
A66: 8 | B66: =INDEX(Participants!$B$6:$B$20,A66) -> Sanjana | C66: 5 | D66: 0.3865625 | E66: Swing | F66: 99 | G66: 53 | H66: 43 | I66: 0.06 | J66: 0.01 | K66: 0.98 | L66: 14 | M66: 5.3 | N66: 6.7 | O66: -10.8 | P66: 2.4 | Q66: 167 | R66: 7 | S66: Y | T66: =IF(COUNT(I66:K66)<3,"",SQRT(I66^2+J66^2+K66^2)) -> 0.98188594 | U66: =IF(COUNT(L66:N66)<3,"",SQRT(L66^2+M66^2+N66^2)) -> 16.40061 | V66: =IF(COUNT(O66:P66)<2,"",SQRT(O66^2+P66^2)) -> 11.063453 | W66: =IF(T66="","",IF(T65="",0,ABS(T66-T65))) -> 0.12581438 | X66: =IF(OR(T66="",U66="",V66=""),"",MIN(100,IF(T66>=Reference!$B$9,Reference!$C$9,IF(T66>=Reference!$B$8,Reference!$C$8,IF(T66>=Reference!$B$7,Reference!$C$7,0)))+IF(U66>=Reference!$B$12,Reference!$C$12,IF(U66>=Reference!$B$11,Reference!$C$11,IF(U66>=Reference!$B$10,Reference!$C$10,0)))+IF(W66>=Reference!$B$13,Reference!$C$13,0)+IF(V66>=Reference!$B$15,Reference!$C$15,IF(V66>=Reference!$B$14,Reference!$C$14,0)))) -> 5 | Y66: =IF(X66="","",IF(X66>=Reference!$B$6,"HIGH",IF(X66>Reference!$B$5,"MODERATE","LOW"))) -> LOW
A67: 8 | B67: =INDEX(Participants!$B$6:$B$20,A67) -> Sanjana | C67: 6 | D67: 0.38666667 | E67: Heel strike | F67: 389 | G67: 431 | H67: 2868 | I67: 0.11 | J67: 0.05 | K67: 1.04 | L67: 5.3 | M67: 1.1 | N67: 1.6 | O67: 3.4 | P67: 1.1 | Q67: 225 | R67: 7 | S67: Y | T67: =IF(COUNT(I67:K67)<3,"",SQRT(I67^2+J67^2+K67^2)) -> 1.0469957 | U67: =IF(COUNT(L67:N67)<3,"",SQRT(L67^2+M67^2+N67^2)) -> 5.6444663 | V67: =IF(COUNT(O67:P67)<2,"",SQRT(O67^2+P67^2)) -> 3.5735137 | W67: =IF(T67="","",IF(T66="",0,ABS(T67-T66))) -> 0.065109762 | X67: =IF(OR(T67="",U67="",V67=""),"",MIN(100,IF(T67>=Reference!$B$9,Reference!$C$9,IF(T67>=Reference!$B$8,Reference!$C$8,IF(T67>=Reference!$B$7,Reference!$C$7,0)))+IF(U67>=Reference!$B$12,Reference!$C$12,IF(U67>=Reference!$B$11,Reference!$C$11,IF(U67>=Reference!$B$10,Reference!$C$10,0)))+IF(W67>=Reference!$B$13,Reference!$C$13,0)+IF(V67>=Reference!$B$15,Reference!$C$15,IF(V67>=Reference!$B$14,Reference!$C$14,0)))) -> 0 | Y67: =IF(X67="","",IF(X67>=Reference!$B$6,"HIGH",IF(X67>Reference!$B$5,"MODERATE","LOW"))) -> LOW
A68: 8 | B68: =INDEX(Participants!$B$6:$B$20,A68) -> Sanjana | C68: 7 | D68: 0.38672454 | E68: Foot flat | F68: 960 | G68: 1326 | H68: 2396 | I68: 0.01 | J68: -0.03 | K68: 1 | L68: 2.1 | M68: 0.4 | N68: 1.1 | O68: 1.2 | P68: 0.7 | Q68: 237 | R68: 8 | S68: Y | T68: =IF(COUNT(I68:K68)<3,"",SQRT(I68^2+J68^2+K68^2)) -> 1.0004999 | U68: =IF(COUNT(L68:N68)<3,"",SQRT(L68^2+M68^2+N68^2)) -> 2.4041631 | V68: =IF(COUNT(O68:P68)<2,"",SQRT(O68^2+P68^2)) -> 1.3892444 | W68: =IF(T68="","",IF(T67="",0,ABS(T68-T67))) -> 0.046495827 | X68: =IF(OR(T68="",U68="",V68=""),"",MIN(100,IF(T68>=Reference!$B$9,Reference!$C$9,IF(T68>=Reference!$B$8,Reference!$C$8,IF(T68>=Reference!$B$7,Reference!$C$7,0)))+IF(U68>=Reference!$B$12,Reference!$C$12,IF(U68>=Reference!$B$11,Reference!$C$11,IF(U68>=Reference!$B$10,Reference!$C$10,0)))+IF(W68>=Reference!$B$13,Reference!$C$13,0)+IF(V68>=Reference!$B$15,Reference!$C$15,IF(V68>=Reference!$B$14,Reference!$C$14,0)))) -> 0 | Y68: =IF(X68="","",IF(X68>=Reference!$B$6,"HIGH",IF(X68>Reference!$B$5,"MODERATE","LOW"))) -> LOW
A69: 8 | B69: =INDEX(Participants!$B$6:$B$20,A69) -> Sanjana | C69: 8 | D69: 0.38685185 | E69: Toe off | F69: 3059 | G69: 1044 | H69: 253 | I69: -0.1 | J69: 0.07 | K69: 1.09 | L69: 10.2 | M69: 3.1 | N69: 3.1 | O69: -6.4 | P69: 2.1 | Q69: 215 | R69: 6 | S69: Y | T69: =IF(COUNT(I69:K69)<3,"",SQRT(I69^2+J69^2+K69^2)) -> 1.0968136 | U69: =IF(COUNT(L69:N69)<3,"",SQRT(L69^2+M69^2+N69^2)) -> 11.102252 | V69: =IF(COUNT(O69:P69)<2,"",SQRT(O69^2+P69^2)) -> 6.7357256 | W69: =IF(T69="","",IF(T68="",0,ABS(T69-T68))) -> 0.096313692 | X69: =IF(OR(T69="",U69="",V69=""),"",MIN(100,IF(T69>=Reference!$B$9,Reference!$C$9,IF(T69>=Reference!$B$8,Reference!$C$8,IF(T69>=Reference!$B$7,Reference!$C$7,0)))+IF(U69>=Reference!$B$12,Reference!$C$12,IF(U69>=Reference!$B$11,Reference!$C$11,IF(U69>=Reference!$B$10,Reference!$C$10,0)))+IF(W69>=Reference!$B$13,Reference!$C$13,0)+IF(V69>=Reference!$B$15,Reference!$C$15,IF(V69>=Reference!$B$14,Reference!$C$14,0)))) -> 0 | Y69: =IF(X69="","",IF(X69>=Reference!$B$6,"HIGH",IF(X69>Reference!$B$5,"MODERATE","LOW"))) -> LOW
A70: 9 | B70: =INDEX(Participants!$B$6:$B$20,A70) -> Aniket | C70: 1 | D70: 0.43528935 | E70: Seated | F70: 186 | G70: 150 | H70: 259 | I70: -0.01 | J70: 0.01 | K70: 1 | L70: -0.3 | M70: 0 | N70: 0.2 | O70: 13.8 | P70: 2.7 | Q70: 44 | R70: 0 | S70: N | T70: =IF(COUNT(I70:K70)<3,"",SQRT(I70^2+J70^2+K70^2)) -> 1.0001 | U70: =IF(COUNT(L70:N70)<3,"",SQRT(L70^2+M70^2+N70^2)) -> 0.36055513 | V70: =IF(COUNT(O70:P70)<2,"",SQRT(O70^2+P70^2)) -> 14.06165 | W70: =IF(T70="","",0) -> 0 | X70: =IF(OR(T70="",U70="",V70=""),"",MIN(100,IF(T70>=Reference!$B$9,Reference!$C$9,IF(T70>=Reference!$B$8,Reference!$C$8,IF(T70>=Reference!$B$7,Reference!$C$7,0)))+IF(U70>=Reference!$B$12,Reference!$C$12,IF(U70>=Reference!$B$11,Reference!$C$11,IF(U70>=Reference!$B$10,Reference!$C$10,0)))+IF(W70>=Reference!$B$13,Reference!$C$13,0)+IF(V70>=Reference!$B$15,Reference!$C$15,IF(V70>=Reference!$B$14,Reference!$C$14,0)))) -> 5 | Y70: =IF(X70="","",IF(X70>=Reference!$B$6,"HIGH",IF(X70>Reference!$B$5,"MODERATE","LOW"))) -> LOW
A71: 9 | B71: =INDEX(Participants!$B$6:$B$20,A71) -> Aniket | C71: 2 | D71: 0.43546296 | E71: Seated | F71: 172 | G71: 130 | H71: 240 | I71: 0.01 | J71: 0.03 | K71: 0.99 | L71: 0.6 | M71: 0.2 | N71: 0 | O71: 10.8 | P71: 3.3 | Q71: 49 | R71: 0 | S71: N | T71: =IF(COUNT(I71:K71)<3,"",SQRT(I71^2+J71^2+K71^2)) -> 0.99050492 | U71: =IF(COUNT(L71:N71)<3,"",SQRT(L71^2+M71^2+N71^2)) -> 0.63245553 | V71: =IF(COUNT(O71:P71)<2,"",SQRT(O71^2+P71^2)) -> 11.292918 | W71: =IF(T71="","",IF(T70="",0,ABS(T71-T70))) -> 0.0095950733 | X71: =IF(OR(T71="",U71="",V71=""),"",MIN(100,IF(T71>=Reference!$B$9,Reference!$C$9,IF(T71>=Reference!$B$8,Reference!$C$8,IF(T71>=Reference!$B$7,Reference!$C$7,0)))+IF(U71>=Reference!$B$12,Reference!$C$12,IF(U71>=Reference!$B$11,Reference!$C$11,IF(U71>=Reference!$B$10,Reference!$C$10,0)))+IF(W71>=Reference!$B$13,Reference!$C$13,0)+IF(V71>=Reference!$B$15,Reference!$C$15,IF(V71>=Reference!$B$14,Reference!$C$14,0)))) -> 5 | Y71: =IF(X71="","",IF(X71>=Reference!$B$6,"HIGH",IF(X71>Reference!$B$5,"MODERATE","LOW"))) -> LOW
A72: 9 | B72: =INDEX(Participants!$B$6:$B$20,A72) -> Aniket | C72: 3 | D72: 0.43570602 | E72: Seated | F72: 214 | G72: 133 | H72: 308 | I72: 0 | J72: 0.03 | K72: 1 | L72: 1.2 | M72: 0.1 | N72: 0 | O72: 13.9 | P72: 3.1 | Q72: 49 | R72: 0 | S72: N | T72: =IF(COUNT(I72:K72)<3,"",SQRT(I72^2+J72^2+K72^2)) -> 1.0004499 | U72: =IF(COUNT(L72:N72)<3,"",SQRT(L72^2+M72^2+N72^2)) -> 1.2041595 | V72: =IF(COUNT(O72:P72)<2,"",SQRT(O72^2+P72^2)) -> 14.241489 | W72: =IF(T72="","",IF(T71="",0,ABS(T72-T71))) -> 0.0099449771 | X72: =IF(OR(T72="",U72="",V72=""),"",MIN(100,IF(T72>=Reference!$B$9,Reference!$C$9,IF(T72>=Reference!$B$8,Reference!$C$8,IF(T72>=Reference!$B$7,Reference!$C$7,0)))+IF(U72>=Reference!$B$12,Reference!$C$12,IF(U72>=Reference!$B$11,Reference!$C$11,IF(U72>=Reference!$B$10,Reference!$C$10,0)))+IF(W72>=Reference!$B$13,Reference!$C$13,0)+IF(V72>=Reference!$B$15,Reference!$C$15,IF(V72>=Reference!$B$14,Reference!$C$14,0)))) -> 5 | Y72: =IF(X72="","",IF(X72>=Reference!$B$6,"HIGH",IF(X72>Reference!$B$5,"MODERATE","LOW"))) -> LOW
A73: 9 | B73: =INDEX(Participants!$B$6:$B$20,A73) -> Aniket | C73: 4 | D73: 0.43591435 | E73: Foot shift | F73: 387 | G73: 277 | H73: 336 | I73: 0.05 | J73: 0.02 | K73: 1.01 | L73: 3.2 | M73: 1.5 | N73: 1.5 | O73: 9.8 | P73: 3.4 | Q73: 65 | R73: 0 | S73: N | T73: =IF(COUNT(I73:K73)<3,"",SQRT(I73^2+J73^2+K73^2)) -> 1.0114346 | U73: =IF(COUNT(L73:N73)<3,"",SQRT(L73^2+M73^2+N73^2)) -> 3.8392708 | V73: =IF(COUNT(O73:P73)<2,"",SQRT(O73^2+P73^2)) -> 10.373042 | W73: =IF(T73="","",IF(T72="",0,ABS(T73-T72))) -> 0.010984726 | X73: =IF(OR(T73="",U73="",V73=""),"",MIN(100,IF(T73>=Reference!$B$9,Reference!$C$9,IF(T73>=Reference!$B$8,Reference!$C$8,IF(T73>=Reference!$B$7,Reference!$C$7,0)))+IF(U73>=Reference!$B$12,Reference!$C$12,IF(U73>=Reference!$B$11,Reference!$C$11,IF(U73>=Reference!$B$10,Reference!$C$10,0)))+IF(W73>=Reference!$B$13,Reference!$C$13,0)+IF(V73>=Reference!$B$15,Reference!$C$15,IF(V73>=Reference!$B$14,Reference!$C$14,0)))) -> 5 | Y73: =IF(X73="","",IF(X73>=Reference!$B$6,"HIGH",IF(X73>Reference!$B$5,"MODERATE","LOW"))) -> LOW
A74: 9 | B74: =INDEX(Participants!$B$6:$B$20,A74) -> Aniket | C74: 5 | D74: 0.4362037 | E74: Seated | F74: 184 | G74: 138 | H74: 223 | I74: 0 | J74: 0.03 | K74: 1.02 | L74: 0.2 | M74: -0.1 | N74: -0.9 | O74: 12.4 | P74: 2.7 | Q74: 72 | R74: 0 | S74: N | T74: =IF(COUNT(I74:K74)<3,"",SQRT(I74^2+J74^2+K74^2)) -> 1.0204411 | U74: =IF(COUNT(L74:N74)<3,"",SQRT(L74^2+M74^2+N74^2)) -> 0.92736185 | V74: =IF(COUNT(O74:P74)<2,"",SQRT(O74^2+P74^2)) -> 12.690548 | W74: =IF(T74="","",IF(T73="",0,ABS(T74-T73))) -> 0.0090064564 | X74: =IF(OR(T74="",U74="",V74=""),"",MIN(100,IF(T74>=Reference!$B$9,Reference!$C$9,IF(T74>=Reference!$B$8,Reference!$C$8,IF(T74>=Reference!$B$7,Reference!$C$7,0)))+IF(U74>=Reference!$B$12,Reference!$C$12,IF(U74>=Reference!$B$11,Reference!$C$11,IF(U74>=Reference!$B$10,Reference!$C$10,0)))+IF(W74>=Reference!$B$13,Reference!$C$13,0)+IF(V74>=Reference!$B$15,Reference!$C$15,IF(V74>=Reference!$B$14,Reference!$C$14,0)))) -> 5 | Y74: =IF(X74="","",IF(X74>=Reference!$B$6,"HIGH",IF(X74>Reference!$B$5,"MODERATE","LOW"))) -> LOW
A75: 9 | B75: =INDEX(Participants!$B$6:$B$20,A75) -> Aniket | C75: 6 | D75: 0.43643519 | E75: Seated | F75: 210 | G75: 151 | H75: 274 | I75: 0 | J75: -0.01 | K75: 1 | L75: 0.3 | M75: 0.8 | N75: 0.1 | O75: 12.3 | P75: 2.8 | Q75: 61 | R75: 0 | S75: N | T75: =IF(COUNT(I75:K75)<3,"",SQRT(I75^2+J75^2+K75^2)) -> 1.00005 | U75: =IF(COUNT(L75:N75)<3,"",SQRT(L75^2+M75^2+N75^2)) -> 0.86023253 | V75: =IF(COUNT(O75:P75)<2,"",SQRT(O75^2+P75^2)) -> 12.614674 | W75: =IF(T75="","",IF(T74="",0,ABS(T75-T74))) -> 0.020391082 | X75: =IF(OR(T75="",U75="",V75=""),"",MIN(100,IF(T75>=Reference!$B$9,Reference!$C$9,IF(T75>=Reference!$B$8,Reference!$C$8,IF(T75>=Reference!$B$7,Reference!$C$7,0)))+IF(U75>=Reference!$B$12,Reference!$C$12,IF(U75>=Reference!$B$11,Reference!$C$11,IF(U75>=Reference!$B$10,Reference!$C$10,0)))+IF(W75>=Reference!$B$13,Reference!$C$13,0)+IF(V75>=Reference!$B$15,Reference!$C$15,IF(V75>=Reference!$B$14,Reference!$C$14,0)))) -> 5 | Y75: =IF(X75="","",IF(X75>=Reference!$B$6,"HIGH",IF(X75>Reference!$B$5,"MODERATE","LOW"))) -> LOW
A76: 9 | B76: =INDEX(Participants!$B$6:$B$20,A76) -> Aniket | C76: 7 | D76: 0.43663194 | E76: Seated | F76: 186 | G76: 133 | H76: 242 | I76: 0.01 | J76: 0.02 | K76: 1.02 | L76: 0.4 | M76: -0.1 | N76: -0.1 | O76: 13.7 | P76: 3.3 | Q76: 58 | R76: 0 | S76: N | T76: =IF(COUNT(I76:K76)<3,"",SQRT(I76^2+J76^2+K76^2)) -> 1.0202451 | U76: =IF(COUNT(L76:N76)<3,"",SQRT(L76^2+M76^2+N76^2)) -> 0.42426407 | V76: =IF(COUNT(O76:P76)<2,"",SQRT(O76^2+P76^2)) -> 14.091842 | W76: =IF(T76="","",IF(T75="",0,ABS(T76-T75))) -> 0.02019507 | X76: =IF(OR(T76="",U76="",V76=""),"",MIN(100,IF(T76>=Reference!$B$9,Reference!$C$9,IF(T76>=Reference!$B$8,Reference!$C$8,IF(T76>=Reference!$B$7,Reference!$C$7,0)))+IF(U76>=Reference!$B$12,Reference!$C$12,IF(U76>=Reference!$B$11,Reference!$C$11,IF(U76>=Reference!$B$10,Reference!$C$10,0)))+IF(W76>=Reference!$B$13,Reference!$C$13,0)+IF(V76>=Reference!$B$15,Reference!$C$15,IF(V76>=Reference!$B$14,Reference!$C$14,0)))) -> 5 | Y76: =IF(X76="","",IF(X76>=Reference!$B$6,"HIGH",IF(X76>Reference!$B$5,"MODERATE","LOW"))) -> LOW
A77: 9 | B77: =INDEX(Participants!$B$6:$B$20,A77) -> Aniket | C77: 8 | D77: 0.436875 | E77: Seated | F77: 216 | G77: 124 | H77: 283 | I77: 0.01 | J77: 0 | K77: 1 | L77: 0.3 | M77: 1.2 | N77: -0.4 | O77: 13.2 | P77: 2.9 | Q77: 50 | R77: 0 | S77: N | T77: =IF(COUNT(I77:K77)<3,"",SQRT(I77^2+J77^2+K77^2)) -> 1.00005 | U77: =IF(COUNT(L77:N77)<3,"",SQRT(L77^2+M77^2+N77^2)) -> 1.3 | V77: =IF(COUNT(O77:P77)<2,"",SQRT(O77^2+P77^2)) -> 13.514807 | W77: =IF(T77="","",IF(T76="",0,ABS(T77-T76))) -> 0.02019507 | X77: =IF(OR(T77="",U77="",V77=""),"",MIN(100,IF(T77>=Reference!$B$9,Reference!$C$9,IF(T77>=Reference!$B$8,Reference!$C$8,IF(T77>=Reference!$B$7,Reference!$C$7,0)))+IF(U77>=Reference!$B$12,Reference!$C$12,IF(U77>=Reference!$B$11,Reference!$C$11,IF(U77>=Reference!$B$10,Reference!$C$10,0)))+IF(W77>=Reference!$B$13,Reference!$C$13,0)+IF(V77>=Reference!$B$15,Reference!$C$15,IF(V77>=Reference!$B$14,Reference!$C$14,0)))) -> 5 | Y77: =IF(X77="","",IF(X77>=Reference!$B$6,"HIGH",IF(X77>Reference!$B$5,"MODERATE","LOW"))) -> LOW
A78: 10 | B78: =INDEX(Participants!$B$6:$B$20,A78) -> Raghav Garg | C78: 1 | D78: 0.3777662 | E78: Heel strike | F78: 276 | G78: 460 | H78: 2991 | I78: 0.1 | J78: 0.04 | K78: 1.04 | L78: 4.2 | M78: 0.9 | N78: 1.4 | O78: 3.2 | P78: 1.3 | Q78: 236 | R78: 8 | S78: Y | T78: =IF(COUNT(I78:K78)<3,"",SQRT(I78^2+J78^2+K78^2)) -> 1.045562 | U78: =IF(COUNT(L78:N78)<3,"",SQRT(L78^2+M78^2+N78^2)) -> 4.5177428 | V78: =IF(COUNT(O78:P78)<2,"",SQRT(O78^2+P78^2)) -> 3.4539832 | W78: =IF(T78="","",0) -> 0 | X78: =IF(OR(T78="",U78="",V78=""),"",MIN(100,IF(T78>=Reference!$B$9,Reference!$C$9,IF(T78>=Reference!$B$8,Reference!$C$8,IF(T78>=Reference!$B$7,Reference!$C$7,0)))+IF(U78>=Reference!$B$12,Reference!$C$12,IF(U78>=Reference!$B$11,Reference!$C$11,IF(U78>=Reference!$B$10,Reference!$C$10,0)))+IF(W78>=Reference!$B$13,Reference!$C$13,0)+IF(V78>=Reference!$B$15,Reference!$C$15,IF(V78>=Reference!$B$14,Reference!$C$14,0)))) -> 0 | Y78: =IF(X78="","",IF(X78>=Reference!$B$6,"HIGH",IF(X78>Reference!$B$5,"MODERATE","LOW"))) -> LOW
A79: 10 | B79: =INDEX(Participants!$B$6:$B$20,A79) -> Raghav Garg | C79: 2 | D79: 0.37787037 | E79: Foot flat | F79: 1081 | G79: 1690 | H79: 2093 | I79: 0.05 | J79: -0.05 | K79: 0.99 | L79: 3.4 | M79: 0.1 | N79: 1.3 | O79: 1.5 | P79: 0.9 | Q79: 184 | R79: 6 | S79: Y | T79: =IF(COUNT(I79:K79)<3,"",SQRT(I79^2+J79^2+K79^2)) -> 0.99252204 | U79: =IF(COUNT(L79:N79)<3,"",SQRT(L79^2+M79^2+N79^2)) -> 3.6414283 | V79: =IF(COUNT(O79:P79)<2,"",SQRT(O79^2+P79^2)) -> 1.7492856 | W79: =IF(T79="","",IF(T78="",0,ABS(T79-T78))) -> 0.05304001 | X79: =IF(OR(T79="",U79="",V79=""),"",MIN(100,IF(T79>=Reference!$B$9,Reference!$C$9,IF(T79>=Reference!$B$8,Reference!$C$8,IF(T79>=Reference!$B$7,Reference!$C$7,0)))+IF(U79>=Reference!$B$12,Reference!$C$12,IF(U79>=Reference!$B$11,Reference!$C$11,IF(U79>=Reference!$B$10,Reference!$C$10,0)))+IF(W79>=Reference!$B$13,Reference!$C$13,0)+IF(V79>=Reference!$B$15,Reference!$C$15,IF(V79>=Reference!$B$14,Reference!$C$14,0)))) -> 0 | Y79: =IF(X79="","",IF(X79>=Reference!$B$6,"HIGH",IF(X79>Reference!$B$5,"MODERATE","LOW"))) -> LOW
A80: 10 | B80: =INDEX(Participants!$B$6:$B$20,A80) -> Raghav Garg | C80: 3 | D80: 0.37792824 | E80: Mid stance | F80: 1887 | G80: 1763 | H80: 1116 | I80: 0.01 | J80: 0.03 | K80: 1.07 | L80: 2.2 | M80: -0.6 | N80: 0.7 | O80: 0.9 | P80: 0.5 | Q80: 189 | R80: 6 | S80: Y | T80: =IF(COUNT(I80:K80)<3,"",SQRT(I80^2+J80^2+K80^2)) -> 1.0704672 | U80: =IF(COUNT(L80:N80)<3,"",SQRT(L80^2+M80^2+N80^2)) -> 2.3853721 | V80: =IF(COUNT(O80:P80)<2,"",SQRT(O80^2+P80^2)) -> 1.029563 | W80: =IF(T80="","",IF(T79="",0,ABS(T80-T79))) -> 0.077945148 | X80: =IF(OR(T80="",U80="",V80=""),"",MIN(100,IF(T80>=Reference!$B$9,Reference!$C$9,IF(T80>=Reference!$B$8,Reference!$C$8,IF(T80>=Reference!$B$7,Reference!$C$7,0)))+IF(U80>=Reference!$B$12,Reference!$C$12,IF(U80>=Reference!$B$11,Reference!$C$11,IF(U80>=Reference!$B$10,Reference!$C$10,0)))+IF(W80>=Reference!$B$13,Reference!$C$13,0)+IF(V80>=Reference!$B$15,Reference!$C$15,IF(V80>=Reference!$B$14,Reference!$C$14,0)))) -> 0 | Y80: =IF(X80="","",IF(X80>=Reference!$B$6,"HIGH",IF(X80>Reference!$B$5,"MODERATE","LOW"))) -> LOW
A81: 10 | B81: =INDEX(Participants!$B$6:$B$20,A81) -> Raghav Garg | C81: 4 | D81: 0.37805556 | E81: Toe off | F81: 2619 | G81: 1021 | H81: 257 | I81: -0.11 | J81: 0.08 | K81: 1.13 | L81: 10.7 | M81: 2.9 | N81: 4 | O81: -6.8 | P81: 1.8 | Q81: 161 | R81: 7 | S81: Y | T81: =IF(COUNT(I81:K81)<3,"",SQRT(I81^2+J81^2+K81^2)) -> 1.1381564 | U81: =IF(COUNT(L81:N81)<3,"",SQRT(L81^2+M81^2+N81^2)) -> 11.785584 | V81: =IF(COUNT(O81:P81)<2,"",SQRT(O81^2+P81^2)) -> 7.0342022 | W81: =IF(T81="","",IF(T80="",0,ABS(T81-T80))) -> 0.067689216 | X81: =IF(OR(T81="",U81="",V81=""),"",MIN(100,IF(T81>=Reference!$B$9,Reference!$C$9,IF(T81>=Reference!$B$8,Reference!$C$8,IF(T81>=Reference!$B$7,Reference!$C$7,0)))+IF(U81>=Reference!$B$12,Reference!$C$12,IF(U81>=Reference!$B$11,Reference!$C$11,IF(U81>=Reference!$B$10,Reference!$C$10,0)))+IF(W81>=Reference!$B$13,Reference!$C$13,0)+IF(V81>=Reference!$B$15,Reference!$C$15,IF(V81>=Reference!$B$14,Reference!$C$14,0)))) -> 0 | Y81: =IF(X81="","",IF(X81>=Reference!$B$6,"HIGH",IF(X81>Reference!$B$5,"MODERATE","LOW"))) -> LOW
A82: 10 | B82: =INDEX(Participants!$B$6:$B$20,A82) -> Raghav Garg | C82: 5 | D82: 0.37813657 | E82: Swing | F82: 81 | G82: 59 | H82: 41 | I82: 0.05 | J82: 0.02 | K82: 0.97 | L82: 16.3 | M82: 5.2 | N82: 5.4 | O82: -9.2 | P82: 2.7 | Q82: 176 | R82: 7 | S82: Y | T82: =IF(COUNT(I82:K82)<3,"",SQRT(I82^2+J82^2+K82^2)) -> 0.9714937 | U82: =IF(COUNT(L82:N82)<3,"",SQRT(L82^2+M82^2+N82^2)) -> 17.941293 | V82: =IF(COUNT(O82:P82)<2,"",SQRT(O82^2+P82^2)) -> 9.5880134 | W82: =IF(T82="","",IF(T81="",0,ABS(T82-T81))) -> 0.16666271 | X82: =IF(OR(T82="",U82="",V82=""),"",MIN(100,IF(T82>=Reference!$B$9,Reference!$C$9,IF(T82>=Reference!$B$8,Reference!$C$8,IF(T82>=Reference!$B$7,Reference!$C$7,0)))+IF(U82>=Reference!$B$12,Reference!$C$12,IF(U82>=Reference!$B$11,Reference!$C$11,IF(U82>=Reference!$B$10,Reference!$C$10,0)))+IF(W82>=Reference!$B$13,Reference!$C$13,0)+IF(V82>=Reference!$B$15,Reference!$C$15,IF(V82>=Reference!$B$14,Reference!$C$14,0)))) -> 5 | Y82: =IF(X82="","",IF(X82>=Reference!$B$6,"HIGH",IF(X82>Reference!$B$5,"MODERATE","LOW"))) -> LOW
A83: 10 | B83: =INDEX(Participants!$B$6:$B$20,A83) -> Raghav Garg | C83: 6 | D83: 0.37821759 | E83: Heel strike | F83: 319 | G83: 406 | H83: 3327 | I83: 0.09 | J83: 0.09 | K83: 1.03 | L83: 4 | M83: 2.7 | N83: 3.2 | O83: 3.6 | P83: 1.1 | Q83: 238 | R83: 7 | S83: Y | T83: =IF(COUNT(I83:K83)<3,"",SQRT(I83^2+J83^2+K83^2)) -> 1.0378343 | U83: =IF(COUNT(L83:N83)<3,"",SQRT(L83^2+M83^2+N83^2)) -> 5.7905095 | V83: =IF(COUNT(O83:P83)<2,"",SQRT(O83^2+P83^2)) -> 3.764306 | W83: =IF(T83="","",IF(T82="",0,ABS(T83-T82))) -> 0.066340588 | X83: =IF(OR(T83="",U83="",V83=""),"",MIN(100,IF(T83>=Reference!$B$9,Reference!$C$9,IF(T83>=Reference!$B$8,Reference!$C$8,IF(T83>=Reference!$B$7,Reference!$C$7,0)))+IF(U83>=Reference!$B$12,Reference!$C$12,IF(U83>=Reference!$B$11,Reference!$C$11,IF(U83>=Reference!$B$10,Reference!$C$10,0)))+IF(W83>=Reference!$B$13,Reference!$C$13,0)+IF(V83>=Reference!$B$15,Reference!$C$15,IF(V83>=Reference!$B$14,Reference!$C$14,0)))) -> 0 | Y83: =IF(X83="","",IF(X83>=Reference!$B$6,"HIGH",IF(X83>Reference!$B$5,"MODERATE","LOW"))) -> LOW
A84: 10 | B84: =INDEX(Participants!$B$6:$B$20,A84) -> Raghav Garg | C84: 7 | D84: 0.37827546 | E84: Foot flat | F84: 1072 | G84: 1376 | H84: 2149 | I84: 0.04 | J84: -0.03 | K84: 1 | L84: 2.9 | M84: 0.3 | N84: 1 | O84: 1.3 | P84: 0.7 | Q84: 240 | R84: 8 | S84: Y | T84: =IF(COUNT(I84:K84)<3,"",SQRT(I84^2+J84^2+K84^2)) -> 1.0012492 | U84: =IF(COUNT(L84:N84)<3,"",SQRT(L84^2+M84^2+N84^2)) -> 3.082207 | V84: =IF(COUNT(O84:P84)<2,"",SQRT(O84^2+P84^2)) -> 1.4764823 | W84: =IF(T84="","",IF(T83="",0,ABS(T84-T83))) -> 0.036585064 | X84: =IF(OR(T84="",U84="",V84=""),"",MIN(100,IF(T84>=Reference!$B$9,Reference!$C$9,IF(T84>=Reference!$B$8,Reference!$C$8,IF(T84>=Reference!$B$7,Reference!$C$7,0)))+IF(U84>=Reference!$B$12,Reference!$C$12,IF(U84>=Reference!$B$11,Reference!$C$11,IF(U84>=Reference!$B$10,Reference!$C$10,0)))+IF(W84>=Reference!$B$13,Reference!$C$13,0)+IF(V84>=Reference!$B$15,Reference!$C$15,IF(V84>=Reference!$B$14,Reference!$C$14,0)))) -> 0 | Y84: =IF(X84="","",IF(X84>=Reference!$B$6,"HIGH",IF(X84>Reference!$B$5,"MODERATE","LOW"))) -> LOW
A85: 10 | B85: =INDEX(Participants!$B$6:$B$20,A85) -> Raghav Garg | C85: 8 | D85: 0.3783912 | E85: Toe off | F85: 3133 | G85: 979 | H85: 225 | I85: -0.1 | J85: 0.07 | K85: 1.09 | L85: 9.8 | M85: 3.8 | N85: 3.9 | O85: -6.5 | P85: 2.2 | Q85: 209 | R85: 7 | S85: Y | T85: =IF(COUNT(I85:K85)<3,"",SQRT(I85^2+J85^2+K85^2)) -> 1.0968136 | U85: =IF(COUNT(L85:N85)<3,"",SQRT(L85^2+M85^2+N85^2)) -> 11.211155 | V85: =IF(COUNT(O85:P85)<2,"",SQRT(O85^2+P85^2)) -> 6.8622154 | W85: =IF(T85="","",IF(T84="",0,ABS(T85-T84))) -> 0.095564347 | X85: =IF(OR(T85="",U85="",V85=""),"",MIN(100,IF(T85>=Reference!$B$9,Reference!$C$9,IF(T85>=Reference!$B$8,Reference!$C$8,IF(T85>=Reference!$B$7,Reference!$C$7,0)))+IF(U85>=Reference!$B$12,Reference!$C$12,IF(U85>=Reference!$B$11,Reference!$C$11,IF(U85>=Reference!$B$10,Reference!$C$10,0)))+IF(W85>=Reference!$B$13,Reference!$C$13,0)+IF(V85>=Reference!$B$15,Reference!$C$15,IF(V85>=Reference!$B$14,Reference!$C$14,0)))) -> 0 | Y85: =IF(X85="","",IF(X85>=Reference!$B$6,"HIGH",IF(X85>Reference!$B$5,"MODERATE","LOW"))) -> LOW
A86: 11 | B86: =INDEX(Participants!$B$6:$B$20,A86) -> Kushal Thakur | C86: 1 | D86: 0.36103009 | E86: Heel strike | F86: 605 | G86: 749 | H86: 3068 | I86: 0.21 | J86: 0.13 | K86: 1.19 | L86: 18.1 | M86: 11.6 | N86: 9 | O86: 4.4 | P86: 2.2 | Q86: 141 | R86: 9 | S86: Y | T86: =IF(COUNT(I86:K86)<3,"",SQRT(I86^2+J86^2+K86^2)) -> 1.21536 | U86: =IF(COUNT(L86:N86)<3,"",SQRT(L86^2+M86^2+N86^2)) -> 23.306008 | V86: =IF(COUNT(O86:P86)<2,"",SQRT(O86^2+P86^2)) -> 4.9193496 | W86: =IF(T86="","",0) -> 0 | X86: =IF(OR(T86="",U86="",V86=""),"",MIN(100,IF(T86>=Reference!$B$9,Reference!$C$9,IF(T86>=Reference!$B$8,Reference!$C$8,IF(T86>=Reference!$B$7,Reference!$C$7,0)))+IF(U86>=Reference!$B$12,Reference!$C$12,IF(U86>=Reference!$B$11,Reference!$C$11,IF(U86>=Reference!$B$10,Reference!$C$10,0)))+IF(W86>=Reference!$B$13,Reference!$C$13,0)+IF(V86>=Reference!$B$15,Reference!$C$15,IF(V86>=Reference!$B$14,Reference!$C$14,0)))) -> 8 | Y86: =IF(X86="","",IF(X86>=Reference!$B$6,"HIGH",IF(X86>Reference!$B$5,"MODERATE","LOW"))) -> LOW
A87: 11 | B87: =INDEX(Participants!$B$6:$B$20,A87) -> Kushal Thakur | C87: 2 | D87: 0.36109954 | E87: Foot flat | F87: 1654 | G87: 2383 | H87: 3177 | I87: 0.15 | J87: -0.07 | K87: 1.13 | L87: 12 | M87: 8.2 | N87: 5.8 | O87: 3.1 | P87: 1.7 | Q87: 129 | R87: 8 | S87: Y | T87: =IF(COUNT(I87:K87)<3,"",SQRT(I87^2+J87^2+K87^2)) -> 1.1420595 | U87: =IF(COUNT(L87:N87)<3,"",SQRT(L87^2+M87^2+N87^2)) -> 15.648642 | V87: =IF(COUNT(O87:P87)<2,"",SQRT(O87^2+P87^2)) -> 3.5355339 | W87: =IF(T87="","",IF(T86="",0,ABS(T87-T86))) -> 0.073300486 | X87: =IF(OR(T87="",U87="",V87=""),"",MIN(100,IF(T87>=Reference!$B$9,Reference!$C$9,IF(T87>=Reference!$B$8,Reference!$C$8,IF(T87>=Reference!$B$7,Reference!$C$7,0)))+IF(U87>=Reference!$B$12,Reference!$C$12,IF(U87>=Reference!$B$11,Reference!$C$11,IF(U87>=Reference!$B$10,Reference!$C$10,0)))+IF(W87>=Reference!$B$13,Reference!$C$13,0)+IF(V87>=Reference!$B$15,Reference!$C$15,IF(V87>=Reference!$B$14,Reference!$C$14,0)))) -> 0 | Y87: =IF(X87="","",IF(X87>=Reference!$B$6,"HIGH",IF(X87>Reference!$B$5,"MODERATE","LOW"))) -> LOW
A88: 11 | B88: =INDEX(Participants!$B$6:$B$20,A88) -> Kushal Thakur | C88: 3 | D88: 0.36119213 | E88: Turning | F88: 3678 | G88: 1502 | H88: 395 | I88: -0.35 | J88: 0.18 | K88: 1.32 | L88: 33.6 | M88: 19.4 | N88: 28.7 | O88: 5.7 | P88: 8.2 | Q88: 106 | R88: 8 | S88: Y | T88: =IF(COUNT(I88:K88)<3,"",SQRT(I88^2+J88^2+K88^2)) -> 1.3774251 | U88: =IF(COUNT(L88:N88)<3,"",SQRT(L88^2+M88^2+N88^2)) -> 48.259818 | V88: =IF(COUNT(O88:P88)<2,"",SQRT(O88^2+P88^2)) -> 9.9864909 | W88: =IF(T88="","",IF(T87="",0,ABS(T88-T87))) -> 0.23536559 | X88: =IF(OR(T88="",U88="",V88=""),"",MIN(100,IF(T88>=Reference!$B$9,Reference!$C$9,IF(T88>=Reference!$B$8,Reference!$C$8,IF(T88>=Reference!$B$7,Reference!$C$7,0)))+IF(U88>=Reference!$B$12,Reference!$C$12,IF(U88>=Reference!$B$11,Reference!$C$11,IF(U88>=Reference!$B$10,Reference!$C$10,0)))+IF(W88>=Reference!$B$13,Reference!$C$13,0)+IF(V88>=Reference!$B$15,Reference!$C$15,IF(V88>=Reference!$B$14,Reference!$C$14,0)))) -> 35 | Y88: =IF(X88="","",IF(X88>=Reference!$B$6,"HIGH",IF(X88>Reference!$B$5,"MODERATE","LOW"))) -> LOW
A89: 11 | B89: =INDEX(Participants!$B$6:$B$20,A89) -> Kushal Thakur | C89: 4 | D89: 0.36122685 | E89: Swing | F89: 151 | G89: 96 | H89: 64 | I89: 0.27 | J89: 0.25 | K89: 1.08 | L89: 23.2 | M89: 8.1 | N89: 13.7 | O89: -7.1 | P89: 3 | Q89: 169 | R89: 8 | S89: Y | T89: =IF(COUNT(I89:K89)<3,"",SQRT(I89^2+J89^2+K89^2)) -> 1.1409645 | U89: =IF(COUNT(L89:N89)<3,"",SQRT(L89^2+M89^2+N89^2)) -> 28.134321 | V89: =IF(COUNT(O89:P89)<2,"",SQRT(O89^2+P89^2)) -> 7.7077883 | W89: =IF(T89="","",IF(T88="",0,ABS(T89-T88))) -> 0.23646063 | X89: =IF(OR(T89="",U89="",V89=""),"",MIN(100,IF(T89>=Reference!$B$9,Reference!$C$9,IF(T89>=Reference!$B$8,Reference!$C$8,IF(T89>=Reference!$B$7,Reference!$C$7,0)))+IF(U89>=Reference!$B$12,Reference!$C$12,IF(U89>=Reference!$B$11,Reference!$C$11,IF(U89>=Reference!$B$10,Reference!$C$10,0)))+IF(W89>=Reference!$B$13,Reference!$C$13,0)+IF(V89>=Reference!$B$15,Reference!$C$15,IF(V89>=Reference!$B$14,Reference!$C$14,0)))) -> 8 | Y89: =IF(X89="","",IF(X89>=Reference!$B$6,"HIGH",IF(X89>Reference!$B$5,"MODERATE","LOW"))) -> LOW
A90: 11 | B90: =INDEX(Participants!$B$6:$B$20,A90) -> Kushal Thakur | C90: 5 | D90: 0.36133102 | E90: Turning | F90: 708 | G90: 769 | H90: 3750 | I90: 0.62 | J90: 0.33 | K90: 1.4 | L90: 36.4 | M90: 19.8 | N90: 30.4 | O90: 5.8 | P90: 9.3 | Q90: 108 | R90: 9 | S90: Y | T90: =IF(COUNT(I90:K90)<3,"",SQRT(I90^2+J90^2+K90^2)) -> 1.5663014 | U90: =IF(COUNT(L90:N90)<3,"",SQRT(L90^2+M90^2+N90^2)) -> 51.392217 | V90: =IF(COUNT(O90:P90)<2,"",SQRT(O90^2+P90^2)) -> 10.960383 | W90: =IF(T90="","",IF(T89="",0,ABS(T90-T89))) -> 0.42533687 | X90: =IF(OR(T90="",U90="",V90=""),"",MIN(100,IF(T90>=Reference!$B$9,Reference!$C$9,IF(T90>=Reference!$B$8,Reference!$C$8,IF(T90>=Reference!$B$7,Reference!$C$7,0)))+IF(U90>=Reference!$B$12,Reference!$C$12,IF(U90>=Reference!$B$11,Reference!$C$11,IF(U90>=Reference!$B$10,Reference!$C$10,0)))+IF(W90>=Reference!$B$13,Reference!$C$13,0)+IF(V90>=Reference!$B$15,Reference!$C$15,IF(V90>=Reference!$B$14,Reference!$C$14,0)))) -> 65 | Y90: =IF(X90="","",IF(X90>=Reference!$B$6,"HIGH",IF(X90>Reference!$B$5,"MODERATE","LOW"))) -> MODERATE
A91: 11 | B91: =INDEX(Participants!$B$6:$B$20,A91) -> Kushal Thakur | C91: 6 | D91: 0.36138889 | E91: Foot flat | F91: 1536 | G91: 2314 | H91: 2979 | I91: 0.16 | J91: 0.09 | K91: 1.13 | L91: 10.3 | M91: 8 | N91: 5.9 | O91: 2.8 | P91: 1.8 | Q91: 129 | R91: 8 | S91: Y | T91: =IF(COUNT(I91:K91)<3,"",SQRT(I91^2+J91^2+K91^2)) -> 1.1448144 | U91: =IF(COUNT(L91:N91)<3,"",SQRT(L91^2+M91^2+N91^2)) -> 14.314328 | V91: =IF(COUNT(O91:P91)<2,"",SQRT(O91^2+P91^2)) -> 3.3286634 | W91: =IF(T91="","",IF(T90="",0,ABS(T91-T90))) -> 0.42148698 | X91: =IF(OR(T91="",U91="",V91=""),"",MIN(100,IF(T91>=Reference!$B$9,Reference!$C$9,IF(T91>=Reference!$B$8,Reference!$C$8,IF(T91>=Reference!$B$7,Reference!$C$7,0)))+IF(U91>=Reference!$B$12,Reference!$C$12,IF(U91>=Reference!$B$11,Reference!$C$11,IF(U91>=Reference!$B$10,Reference!$C$10,0)))+IF(W91>=Reference!$B$13,Reference!$C$13,0)+IF(V91>=Reference!$B$15,Reference!$C$15,IF(V91>=Reference!$B$14,Reference!$C$14,0)))) -> 15 | Y91: =IF(X91="","",IF(X91>=Reference!$B$6,"HIGH",IF(X91>Reference!$B$5,"MODERATE","LOW"))) -> LOW
A92: 11 | B92: =INDEX(Participants!$B$6:$B$20,A92) -> Kushal Thakur | C92: 7 | D92: 0.36142361 | E92: Toe off | F92: 3334 | G92: 1154 | H92: 379 | I92: 0.14 | J92: -0.06 | K92: 1.1 | L92: 9.2 | M92: 4.5 | N92: 3.2 | O92: -5.6 | P92: 2 | Q92: 153 | R92: 7 | S92: Y | T92: =IF(COUNT(I92:K92)<3,"",SQRT(I92^2+J92^2+K92^2)) -> 1.1104954 | U92: =IF(COUNT(L92:N92)<3,"",SQRT(L92^2+M92^2+N92^2)) -> 10.729865 | V92: =IF(COUNT(O92:P92)<2,"",SQRT(O92^2+P92^2)) -> 5.9464275 | W92: =IF(T92="","",IF(T91="",0,ABS(T92-T91))) -> 0.03431901 | X92: =IF(OR(T92="",U92="",V92=""),"",MIN(100,IF(T92>=Reference!$B$9,Reference!$C$9,IF(T92>=Reference!$B$8,Reference!$C$8,IF(T92>=Reference!$B$7,Reference!$C$7,0)))+IF(U92>=Reference!$B$12,Reference!$C$12,IF(U92>=Reference!$B$11,Reference!$C$11,IF(U92>=Reference!$B$10,Reference!$C$10,0)))+IF(W92>=Reference!$B$13,Reference!$C$13,0)+IF(V92>=Reference!$B$15,Reference!$C$15,IF(V92>=Reference!$B$14,Reference!$C$14,0)))) -> 0 | Y92: =IF(X92="","",IF(X92>=Reference!$B$6,"HIGH",IF(X92>Reference!$B$5,"MODERATE","LOW"))) -> LOW
A93: 11 | B93: =INDEX(Participants!$B$6:$B$20,A93) -> Kushal Thakur | C93: 8 | D93: 0.36149306 | E93: Heel strike | F93: 662 | G93: 860 | H93: 3254 | I93: 0.32 | J93: 0.18 | K93: 1.24 | L93: 24.6 | M93: 11 | N93: 15.4 | O93: 4.5 | P93: 2.9 | Q93: 140 | R93: 9 | S93: Y | T93: =IF(COUNT(I93:K93)<3,"",SQRT(I93^2+J93^2+K93^2)) -> 1.2932131 | U93: =IF(COUNT(L93:N93)<3,"",SQRT(L93^2+M93^2+N93^2)) -> 31.037397 | V93: =IF(COUNT(O93:P93)<2,"",SQRT(O93^2+P93^2)) -> 5.3535035 | W93: =IF(T93="","",IF(T92="",0,ABS(T93-T92))) -> 0.18271767 | X93: =IF(OR(T93="",U93="",V93=""),"",MIN(100,IF(T93>=Reference!$B$9,Reference!$C$9,IF(T93>=Reference!$B$8,Reference!$C$8,IF(T93>=Reference!$B$7,Reference!$C$7,0)))+IF(U93>=Reference!$B$12,Reference!$C$12,IF(U93>=Reference!$B$11,Reference!$C$11,IF(U93>=Reference!$B$10,Reference!$C$10,0)))+IF(W93>=Reference!$B$13,Reference!$C$13,0)+IF(V93>=Reference!$B$15,Reference!$C$15,IF(V93>=Reference!$B$14,Reference!$C$14,0)))) -> 20 | Y93: =IF(X93="","",IF(X93>=Reference!$B$6,"HIGH",IF(X93>Reference!$B$5,"MODERATE","LOW"))) -> LOW
A94: 12 | B94: =INDEX(Participants!$B$6:$B$20,A94) -> Manjot Singh | C94: 1 | D94: 0.43722222 | E94: Standing | F94: 999 | G94: 909 | H94: 1875 | I94: 0.01 | J94: 0.02 | K94: 1.02 | L94: -0.1 | M94: 0.3 | N94: 0 | O94: 0.8 | P94: 0.4 | Q94: 307 | R94: 3 | S94: N | T94: =IF(COUNT(I94:K94)<3,"",SQRT(I94^2+J94^2+K94^2)) -> 1.0202451 | U94: =IF(COUNT(L94:N94)<3,"",SQRT(L94^2+M94^2+N94^2)) -> 0.31622777 | V94: =IF(COUNT(O94:P94)<2,"",SQRT(O94^2+P94^2)) -> 0.89442719 | W94: =IF(T94="","",0) -> 0 | X94: =IF(OR(T94="",U94="",V94=""),"",MIN(100,IF(T94>=Reference!$B$9,Reference!$C$9,IF(T94>=Reference!$B$8,Reference!$C$8,IF(T94>=Reference!$B$7,Reference!$C$7,0)))+IF(U94>=Reference!$B$12,Reference!$C$12,IF(U94>=Reference!$B$11,Reference!$C$11,IF(U94>=Reference!$B$10,Reference!$C$10,0)))+IF(W94>=Reference!$B$13,Reference!$C$13,0)+IF(V94>=Reference!$B$15,Reference!$C$15,IF(V94>=Reference!$B$14,Reference!$C$14,0)))) -> 0 | Y94: =IF(X94="","",IF(X94>=Reference!$B$6,"HIGH",IF(X94>Reference!$B$5,"MODERATE","LOW"))) -> LOW
A95: 12 | B95: =INDEX(Participants!$B$6:$B$20,A95) -> Manjot Singh | C95: 2 | D95: 0.43737269 | E95: Standing | F95: 1186 | G95: 927 | H95: 1556 | I95: 0.03 | J95: 0.01 | K95: 1.01 | L95: 1 | M95: -0.1 | N95: 1.4 | O95: 1.2 | P95: 0.6 | Q95: 316 | R95: 3 | S95: N | T95: =IF(COUNT(I95:K95)<3,"",SQRT(I95^2+J95^2+K95^2)) -> 1.0104949 | U95: =IF(COUNT(L95:N95)<3,"",SQRT(L95^2+M95^2+N95^2)) -> 1.7233688 | V95: =IF(COUNT(O95:P95)<2,"",SQRT(O95^2+P95^2)) -> 1.3416408 | W95: =IF(T95="","",IF(T94="",0,ABS(T95-T94))) -> 0.0097501404 | X95: =IF(OR(T95="",U95="",V95=""),"",MIN(100,IF(T95>=Reference!$B$9,Reference!$C$9,IF(T95>=Reference!$B$8,Reference!$C$8,IF(T95>=Reference!$B$7,Reference!$C$7,0)))+IF(U95>=Reference!$B$12,Reference!$C$12,IF(U95>=Reference!$B$11,Reference!$C$11,IF(U95>=Reference!$B$10,Reference!$C$10,0)))+IF(W95>=Reference!$B$13,Reference!$C$13,0)+IF(V95>=Reference!$B$15,Reference!$C$15,IF(V95>=Reference!$B$14,Reference!$C$14,0)))) -> 0 | Y95: =IF(X95="","",IF(X95>=Reference!$B$6,"HIGH",IF(X95>Reference!$B$5,"MODERATE","LOW"))) -> LOW
A96: 12 | B96: =INDEX(Participants!$B$6:$B$20,A96) -> Manjot Singh | C96: 3 | D96: 0.4375 | E96: Standing | F96: 1154 | G96: 816 | H96: 1720 | I96: 0.02 | J96: 0.03 | K96: 1.01 | L96: 0 | M96: 0.6 | N96: 0.4 | O96: 0.7 | P96: 0.3 | Q96: 326 | R96: 3 | S96: N | T96: =IF(COUNT(I96:K96)<3,"",SQRT(I96^2+J96^2+K96^2)) -> 1.0106434 | U96: =IF(COUNT(L96:N96)<3,"",SQRT(L96^2+M96^2+N96^2)) -> 0.72111026 | V96: =IF(COUNT(O96:P96)<2,"",SQRT(O96^2+P96^2)) -> 0.76157731 | W96: =IF(T96="","",IF(T95="",0,ABS(T96-T95))) -> 0.00014843121 | X96: =IF(OR(T96="",U96="",V96=""),"",MIN(100,IF(T96>=Reference!$B$9,Reference!$C$9,IF(T96>=Reference!$B$8,Reference!$C$8,IF(T96>=Reference!$B$7,Reference!$C$7,0)))+IF(U96>=Reference!$B$12,Reference!$C$12,IF(U96>=Reference!$B$11,Reference!$C$11,IF(U96>=Reference!$B$10,Reference!$C$10,0)))+IF(W96>=Reference!$B$13,Reference!$C$13,0)+IF(V96>=Reference!$B$15,Reference!$C$15,IF(V96>=Reference!$B$14,Reference!$C$14,0)))) -> 0 | Y96: =IF(X96="","",IF(X96>=Reference!$B$6,"HIGH",IF(X96>Reference!$B$5,"MODERATE","LOW"))) -> LOW
A97: 12 | B97: =INDEX(Participants!$B$6:$B$20,A97) -> Manjot Singh | C97: 4 | D97: 0.43766204 | E97: Weight shift | F97: 1411 | G97: 932 | H97: 1459 | I97: 0.04 | J97: 0.02 | K97: 1 | L97: 2.2 | M97: 0.8 | N97: 0.5 | O97: 1.8 | P97: 0.8 | Q97: 319 | R97: 3 | S97: N | T97: =IF(COUNT(I97:K97)<3,"",SQRT(I97^2+J97^2+K97^2)) -> 1.0009995 | U97: =IF(COUNT(L97:N97)<3,"",SQRT(L97^2+M97^2+N97^2)) -> 2.3937418 | V97: =IF(COUNT(O97:P97)<2,"",SQRT(O97^2+P97^2)) -> 1.9697716 | W97: =IF(T97="","",IF(T96="",0,ABS(T97-T96))) -> 0.009643859 | X97: =IF(OR(T97="",U97="",V97=""),"",MIN(100,IF(T97>=Reference!$B$9,Reference!$C$9,IF(T97>=Reference!$B$8,Reference!$C$8,IF(T97>=Reference!$B$7,Reference!$C$7,0)))+IF(U97>=Reference!$B$12,Reference!$C$12,IF(U97>=Reference!$B$11,Reference!$C$11,IF(U97>=Reference!$B$10,Reference!$C$10,0)))+IF(W97>=Reference!$B$13,Reference!$C$13,0)+IF(V97>=Reference!$B$15,Reference!$C$15,IF(V97>=Reference!$B$14,Reference!$C$14,0)))) -> 0 | Y97: =IF(X97="","",IF(X97>=Reference!$B$6,"HIGH",IF(X97>Reference!$B$5,"MODERATE","LOW"))) -> LOW
A98: 12 | B98: =INDEX(Participants!$B$6:$B$20,A98) -> Manjot Singh | C98: 5 | D98: 0.43780093 | E98: Standing | F98: 1286 | G98: 876 | H98: 1621 | I98: 0 | J98: 0.03 | K98: 1 | L98: 0.6 | M98: 0.1 | N98: 0.2 | O98: 1 | P98: 0.4 | Q98: 292 | R98: 3 | S98: N | T98: =IF(COUNT(I98:K98)<3,"",SQRT(I98^2+J98^2+K98^2)) -> 1.0004499 | U98: =IF(COUNT(L98:N98)<3,"",SQRT(L98^2+M98^2+N98^2)) -> 0.64031242 | V98: =IF(COUNT(O98:P98)<2,"",SQRT(O98^2+P98^2)) -> 1.077033 | W98: =IF(T98="","",IF(T97="",0,ABS(T98-T97))) -> 0.0005496017 | X98: =IF(OR(T98="",U98="",V98=""),"",MIN(100,IF(T98>=Reference!$B$9,Reference!$C$9,IF(T98>=Reference!$B$8,Reference!$C$8,IF(T98>=Reference!$B$7,Reference!$C$7,0)))+IF(U98>=Reference!$B$12,Reference!$C$12,IF(U98>=Reference!$B$11,Reference!$C$11,IF(U98>=Reference!$B$10,Reference!$C$10,0)))+IF(W98>=Reference!$B$13,Reference!$C$13,0)+IF(V98>=Reference!$B$15,Reference!$C$15,IF(V98>=Reference!$B$14,Reference!$C$14,0)))) -> 0 | Y98: =IF(X98="","",IF(X98>=Reference!$B$6,"HIGH",IF(X98>Reference!$B$5,"MODERATE","LOW"))) -> LOW
A99: 12 | B99: =INDEX(Participants!$B$6:$B$20,A99) -> Manjot Singh | C99: 6 | D99: 0.43788194 | E99: Weight shift | F99: 1351 | G99: 1031 | H99: 1322 | I99: 0.06 | J99: 0.05 | K99: 0.99 | L99: 1.5 | M99: 1 | N99: 1.5 | O99: 1.9 | P99: 1.1 | Q99: 291 | R99: 3 | S99: N | T99: =IF(COUNT(I99:K99)<3,"",SQRT(I99^2+J99^2+K99^2)) -> 0.99307603 | U99: =IF(COUNT(L99:N99)<3,"",SQRT(L99^2+M99^2+N99^2)) -> 2.3452079 | V99: =IF(COUNT(O99:P99)<2,"",SQRT(O99^2+P99^2)) -> 2.1954498 | W99: =IF(T99="","",IF(T98="",0,ABS(T99-T98))) -> 0.0073738695 | X99: =IF(OR(T99="",U99="",V99=""),"",MIN(100,IF(T99>=Reference!$B$9,Reference!$C$9,IF(T99>=Reference!$B$8,Reference!$C$8,IF(T99>=Reference!$B$7,Reference!$C$7,0)))+IF(U99>=Reference!$B$12,Reference!$C$12,IF(U99>=Reference!$B$11,Reference!$C$11,IF(U99>=Reference!$B$10,Reference!$C$10,0)))+IF(W99>=Reference!$B$13,Reference!$C$13,0)+IF(V99>=Reference!$B$15,Reference!$C$15,IF(V99>=Reference!$B$14,Reference!$C$14,0)))) -> 0 | Y99: =IF(X99="","",IF(X99>=Reference!$B$6,"HIGH",IF(X99>Reference!$B$5,"MODERATE","LOW"))) -> LOW
A100: 12 | B100: =INDEX(Participants!$B$6:$B$20,A100) -> Manjot Singh | C100: 7 | D100: 0.43805556 | E100: Standing | F100: 1106 | G100: 939 | H100: 1577 | I100: 0.02 | J100: -0.02 | K100: 1.01 | L100: -0.5 | M100: -0.1 | N100: -0.1 | O100: 0.8 | P100: 0.5 | Q100: 323 | R100: 3 | S100: N | T100: =IF(COUNT(I100:K100)<3,"",SQRT(I100^2+J100^2+K100^2)) -> 1.010396 | U100: =IF(COUNT(L100:N100)<3,"",SQRT(L100^2+M100^2+N100^2)) -> 0.51961524 | V100: =IF(COUNT(O100:P100)<2,"",SQRT(O100^2+P100^2)) -> 0.94339811 | W100: =IF(T100="","",IF(T99="",0,ABS(T100-T99))) -> 0.017319933 | X100: =IF(OR(T100="",U100="",V100=""),"",MIN(100,IF(T100>=Reference!$B$9,Reference!$C$9,IF(T100>=Reference!$B$8,Reference!$C$8,IF(T100>=Reference!$B$7,Reference!$C$7,0)))+IF(U100>=Reference!$B$12,Reference!$C$12,IF(U100>=Reference!$B$11,Reference!$C$11,IF(U100>=Reference!$B$10,Reference!$C$10,0)))+IF(W100>=Reference!$B$13,Reference!$C$13,0)+IF(V100>=Reference!$B$15,Reference!$C$15,IF(V100>=Reference!$B$14,Reference!$C$14,0)))) -> 0 | Y100: =IF(X100="","",IF(X100>=Reference!$B$6,"HIGH",IF(X100>Reference!$B$5,"MODERATE","LOW"))) -> LOW
A101: 12 | B101: =INDEX(Participants!$B$6:$B$20,A101) -> Manjot Singh | C101: 8 | D101: 0.43815972 | E101: Standing | F101: 1253 | G101: 996 | H101: 1713 | I101: 0 | J101: 0.03 | K101: 1.01 | L101: 0.3 | M101: 0.5 | N101: 0.6 | O101: 1.1 | P101: 0.4 | Q101: 348 | R101: 3 | S101: N | T101: =IF(COUNT(I101:K101)<3,"",SQRT(I101^2+J101^2+K101^2)) -> 1.0104454 | U101: =IF(COUNT(L101:N101)<3,"",SQRT(L101^2+M101^2+N101^2)) -> 0.83666003 | V101: =IF(COUNT(O101:P101)<2,"",SQRT(O101^2+P101^2)) -> 1.17047 | W101: =IF(T101="","",IF(T100="",0,ABS(T101-T100))) -> 4.9484338e-05 | X101: =IF(OR(T101="",U101="",V101=""),"",MIN(100,IF(T101>=Reference!$B$9,Reference!$C$9,IF(T101>=Reference!$B$8,Reference!$C$8,IF(T101>=Reference!$B$7,Reference!$C$7,0)))+IF(U101>=Reference!$B$12,Reference!$C$12,IF(U101>=Reference!$B$11,Reference!$C$11,IF(U101>=Reference!$B$10,Reference!$C$10,0)))+IF(W101>=Reference!$B$13,Reference!$C$13,0)+IF(V101>=Reference!$B$15,Reference!$C$15,IF(V101>=Reference!$B$14,Reference!$C$14,0)))) -> 0 | Y101: =IF(X101="","",IF(X101>=Reference!$B$6,"HIGH",IF(X101>Reference!$B$5,"MODERATE","LOW"))) -> LOW
...

Sheet Summary
A1: Summary - one line per person
A5: # | B5: Name | C5: Height (cm) | D5: Weight (kg) | E5: BMI | F5: Readings logged | G5: Peak risk score | H5: Mean risk score | I5: Highest level | J5: Closest obstacle (cm) | K5: Peak accel (g) | L5: Peak gyro (deg/s)
A6: 1 | B6: =Participants!B6 -> Vidula Nijhawan | C6: =IF(Participants!E6="","",Participants!E6) -> 160 | D6: =IF(Participants!F6="","",Participants!F6) -> 52 | E6: =IF(Participants!G6="","",Participants!G6) -> 20.3125 | F6: =COUNT(Readings!X6:X13) -> 8 | G6: =IF(F6=0,"",MAX(Readings!X6:X13)) -> 5 | H6: =IF(F6=0,"",ROUND(AVERAGE(Readings!X6:X13),0)) -> 1 | I6: =IF(G6="","",IF(G6>=Reference!$B$6,"HIGH",IF(G6>Reference!$B$5,"MODERATE","LOW"))) -> LOW | J6: =IF(COUNT(Readings!Q6:Q13)=0,"",MIN(Readings!Q6:Q13)) -> 177 | K6: =IF(COUNT(Readings!T6:T13)=0,"",MAX(Readings!T6:T13)) -> 1.1183023 | L6: =IF(COUNT(Readings!U6:U13)=0,"",MAX(Readings!U6:U13)) -> 15.554742
A7: 2 | B7: =Participants!B7 -> Rishika Gupta | C7: =IF(Participants!E7="","",Participants!E7) -> 163 | D7: =IF(Participants!F7="","",Participants!F7) -> 55 | E7: =IF(Participants!G7="","",Participants!G7) -> 20.700817 | F7: =COUNT(Readings!X14:X21) -> 8 | G7: =IF(F7=0,"",MAX(Readings!X14:X21)) -> 65 | H7: =IF(F7=0,"",ROUND(AVERAGE(Readings!X14:X21),0)) -> 20 | I7: =IF(G7="","",IF(G7>=Reference!$B$6,"HIGH",IF(G7>Reference!$B$5,"MODERATE","LOW"))) -> MODERATE | J7: =IF(COUNT(Readings!Q14:Q21)=0,"",MIN(Readings!Q14:Q21)) -> 93 | K7: =IF(COUNT(Readings!T14:T21)=0,"",MAX(Readings!T14:T21)) -> 1.5684387 | L7: =IF(COUNT(Readings!U14:U21)=0,"",MAX(Readings!U14:U21)) -> 58.808248
A8: 3 | B8: =Participants!B8 -> Vishav Gupta | C8: =IF(Participants!E8="","",Participants!E8) -> 174 | D8: =IF(Participants!F8="","",Participants!F8) -> 68 | E8: =IF(Participants!G8="","",Participants!G8) -> 22.460034 | F8: =COUNT(Readings!X22:X29) -> 8 | G8: =IF(F8=0,"",MAX(Readings!X22:X29)) -> 5 | H8: =IF(F8=0,"",ROUND(AVERAGE(Readings!X22:X29),0)) -> 1 | I8: =IF(G8="","",IF(G8>=Reference!$B$6,"HIGH",IF(G8>Reference!$B$5,"MODERATE","LOW"))) -> LOW | J8: =IF(COUNT(Readings!Q22:Q29)=0,"",MIN(Readings!Q22:Q29)) -> 169 | K8: =IF(COUNT(Readings!T22:T29)=0,"",MAX(Readings!T22:T29)) -> 1.1197768 | L8: =IF(COUNT(Readings!U22:U29)=0,"",MAX(Readings!U22:U29)) -> 18.236502
A9: 4 | B9: =Participants!B9 -> Vedant Singh | C9: =IF(Participants!E9="","",Participants!E9) -> 178 | D9: =IF(Participants!F9="","",Participants!F9) -> 72 | E9: =IF(Participants!G9="","",Participants!G9) -> 22.724403 | F9: =COUNT(Readings!X30:X37) -> 8 | G9: =IF(F9=0,"",MAX(Readings!X30:X37)) -> 0 | H9: =IF(F9=0,"",ROUND(AVERAGE(Readings!X30:X37),0)) -> 0 | I9: =IF(G9="","",IF(G9>=Reference!$B$6,"HIGH",IF(G9>Reference!$B$5,"MODERATE","LOW"))) -> LOW | J9: =IF(COUNT(Readings!Q30:Q37)=0,"",MIN(Readings!Q30:Q37)) -> 288 | K9: =IF(COUNT(Readings!T30:T37)=0,"",MAX(Readings!T30:T37)) -> 1.0204411 | L9: =IF(COUNT(Readings!U30:U37)=0,"",MAX(Readings!U30:U37)) -> 3.144837
A10: 5 | B10: =Participants!B10 -> Daksh Jain | C10: =IF(Participants!E10="","",Participants!E10) -> 172 | D10: =IF(Participants!F10="","",Participants!F10) -> 64 | E10: =IF(Participants!G10="","",Participants!G10) -> 21.633315 | F10: =COUNT(Readings!X38:X45) -> 8 | G10: =IF(F10=0,"",MAX(Readings!X38:X45)) -> 100 | H10: =IF(F10=0,"",ROUND(AVERAGE(Readings!X38:X45),0)) -> 29 | I10: =IF(G10="","",IF(G10>=Reference!$B$6,"HIGH",IF(G10>Reference!$B$5,"MODERATE","LOW"))) -> HIGH | J10: =IF(COUNT(Readings!Q38:Q45)=0,"",MIN(Readings!Q38:Q45)) -> 39 | K10: =IF(COUNT(Readings!T38:T45)=0,"",MAX(Readings!T38:T45)) -> 2.9825325 | L10: =IF(COUNT(Readings!U38:U45)=0,"",MAX(Readings!U38:U45)) -> 130.71637
A11: 6 | B11: =Participants!B11 -> Sudeep | C11: =IF(Participants!E11="","",Participants!E11) -> 176 | D11: =IF(Participants!F11="","",Participants!F11) -> 70 | E11: =IF(Participants!G11="","",Participants!G11) -> 22.59814 | F11: =COUNT(Readings!X46:X53) -> 8 | G11: =IF(F11=0,"",MAX(Readings!X46:X53)) -> 5 | H11: =IF(F11=0,"",ROUND(AVERAGE(Readings!X46:X53),0)) -> 1 | I11: =IF(G11="","",IF(G11>=Reference!$B$6,"HIGH",IF(G11>Reference!$B$5,"MODERATE","LOW"))) -> LOW | J11: =IF(COUNT(Readings!Q46:Q53)=0,"",MIN(Readings!Q46:Q53)) -> 168 | K11: =IF(COUNT(Readings!T46:T53)=0,"",MAX(Readings!T46:T53)) -> 1.148956 | L11: =IF(COUNT(Readings!U46:U53)=0,"",MAX(Readings!U46:U53)) -> 16.530275
A12: 7 | B12: =Participants!B12 -> Dhairya | C12: =IF(Participants!E12="","",Participants!E12) -> 170 | D12: =IF(Participants!F12="","",Participants!F12) -> 62 | E12: =IF(Participants!G12="","",Participants!G12) -> 21.453287 | F12: =COUNT(Readings!X54:X61) -> 8 | G12: =IF(F12=0,"",MAX(Readings!X54:X61)) -> 65 | H12: =IF(F12=0,"",ROUND(AVERAGE(Readings!X54:X61),0)) -> 17 | I12: =IF(G12="","",IF(G12>=Reference!$B$6,"HIGH",IF(G12>Reference!$B$5,"MODERATE","LOW"))) -> MODERATE | J12: =IF(COUNT(Readings!Q54:Q61)=0,"",MIN(Readings!Q54:Q61)) -> 88 | K12: =IF(COUNT(Readings!T54:T61)=0,"",MAX(Readings!T54:T61)) -> 1.5728954 | L12: =IF(COUNT(Readings!U54:U61)=0,"",MAX(Readings!U54:U61)) -> 53.81654
A13: 8 | B13: =Participants!B13 -> Sanjana | C13: =IF(Participants!E13="","",Participants!E13) -> 158 | D13: =IF(Participants!F13="","",Participants!F13) -> 50 | E13: =IF(Participants!G13="","",Participants!G13) -> 20.028842 | F13: =COUNT(Readings!X62:X69) -> 8 | G13: =IF(F13=0,"",MAX(Readings!X62:X69)) -> 5 | H13: =IF(F13=0,"",ROUND(AVERAGE(Readings!X62:X69),0)) -> 1 | I13: =IF(G13="","",IF(G13>=Reference!$B$6,"HIGH",IF(G13>Reference!$B$5,"MODERATE","LOW"))) -> LOW | J13: =IF(COUNT(Readings!Q62:Q69)=0,"",MIN(Readings!Q62:Q69)) -> 153 | K13: =IF(COUNT(Readings!T62:T69)=0,"",MAX(Readings!T62:T69)) -> 1.1077003 | L13: =IF(COUNT(Readings!U62:U69)=0,"",MAX(Readings!U62:U69)) -> 16.40061
A14: 9 | B14: =Participants!B14 -> Aniket | C14: =IF(Participants!E14="","",Participants!E14) -> 180 | D14: =IF(Participants!F14="","",Participants!F14) -> 76 | E14: =IF(Participants!G14="","",Participants!G14) -> 23.45679 | F14: =COUNT(Readings!X70:X77) -> 8 | G14: =IF(F14=0,"",MAX(Readings!X70:X77)) -> 5 | H14: =IF(F14=0,"",ROUND(AVERAGE(Readings!X70:X77),0)) -> 5 | I14: =IF(G14="","",IF(G14>=Reference!$B$6,"HIGH",IF(G14>Reference!$B$5,"MODERATE","LOW"))) -> LOW | J14: =IF(COUNT(Readings!Q70:Q77)=0,"",MIN(Readings!Q70:Q77)) -> 44 | K14: =IF(COUNT(Readings!T70:T77)=0,"",MAX(Readings!T70:T77)) -> 1.0204411 | L14: =IF(COUNT(Readings!U70:U77)=0,"",MAX(Readings!U70:U77)) -> 3.8392708
A15: 10 | B15: =Participants!B15 -> Raghav Garg | C15: =IF(Participants!E15="","",Participants!E15) -> 175 | D15: =IF(Participants!F15="","",Participants!F15) -> 78 | E15: =IF(Participants!G15="","",Participants!G15) -> 25.469388 | F15: =COUNT(Readings!X78:X85) -> 8 | G15: =IF(F15=0,"",MAX(Readings!X78:X85)) -> 5 | H15: =IF(F15=0,"",ROUND(AVERAGE(Readings!X78:X85),0)) -> 1 | I15: =IF(G15="","",IF(G15>=Reference!$B$6,"HIGH",IF(G15>Reference!$B$5,"MODERATE","LOW"))) -> LOW | J15: =IF(COUNT(Readings!Q78:Q85)=0,"",MIN(Readings!Q78:Q85)) -> 161 | K15: =IF(COUNT(Readings!T78:T85)=0,"",MAX(Readings!T78:T85)) -> 1.1381564 | L15: =IF(COUNT(Readings!U78:U85)=0,"",MAX(Readings!U78:U85)) -> 17.941293
A16: 11 | B16: =Participants!B16 -> Kushal Thakur | C16: =IF(Participants!E16="","",Participants!E16) -> 183 | D16: =IF(Participants!F16="","",Participants!F16) -> 82 | E16: =IF(Participants!G16="","",Participants!G16) -> 24.485652 | F16: =COUNT(Readings!X86:X93) -> 8 | G16: =IF(F16=0,"",MAX(Readings!X86:X93)) -> 65 | H16: =IF(F16=0,"",ROUND(AVERAGE(Readings!X86:X93),0)) -> 19 | I16: =IF(G16="","",IF(G16>=Reference!$B$6,"HIGH",IF(G16>Reference!$B$5,"MODERATE","LOW"))) -> MODERATE | J16: =IF(COUNT(Readings!Q86:Q93)=0,"",MIN(Readings!Q86:Q93)) -> 106 | K16: =IF(COUNT(Readings!T86:T93)=0,"",MAX(Readings!T86:T93)) -> 1.5663014 | L16: =IF(COUNT(Readings!U86:U93)=0,"",MAX(Readings!U86:U93)) -> 51.392217
A17: 12 | B17: =Participants!B17 -> Manjot Singh | C17: =IF(Participants!E17="","",Participants!E17) -> 177 | D17: =IF(Participants!F17="","",Participants!F17) -> 67 | E17: =IF(Participants!G17="","",Participants!G17) -> 21.385936 | F17: =COUNT(Readings!X94:X101) -> 8 | G17: =IF(F17=0,"",MAX(Readings!X94:X101)) -> 0 | H17: =IF(F17=0,"",ROUND(AVERAGE(Readings!X94:X101),0)) -> 0 | I17: =IF(G17="","",IF(G17>=Reference!$B$6,"HIGH",IF(G17>Reference!$B$5,"MODERATE","LOW"))) -> LOW | J17: =IF(COUNT(Readings!Q94:Q101)=0,"",MIN(Readings!Q94:Q101)) -> 291 | K17: =IF(COUNT(Readings!T94:T101)=0,"",MAX(Readings!T94:T101)) -> 1.0202451 | L17: =IF(COUNT(Readings!U94:U101)=0,"",MAX(Readings!U94:U101)) -> 2.3937418
A18: 13 | B18: =Participants!B18 -> Tejnoor Singh | C18: =IF(Participants!E18="","",Participants!E18) -> 173 | D18: =IF(Participants!F18="","",Participants!F18) -> 60 | E18: =IF(Participants!G18="","",Participants!G18) -> 20.047446 | F18: =COUNT(Readings!X102:X109) -> 8 | G18: =IF(F18=0,"",MAX(Readings!X102:X109)) -> 5 | H18: =IF(F18=0,"",ROUND(AVERAGE(Readings!X102:X109),0)) -> 1 | I18: =IF(G18="","",IF(G18>=Reference!$B$6,"HIGH",IF(G18>Reference!$B$5,"MODERATE","LOW"))) -> LOW | J18: =IF(COUNT(Readings!Q102:Q109)=0,"",MIN(Readings!Q102:Q109)) -> 165 | K18: =IF(COUNT(Readings!T102:T109)=0,"",MAX(Readings!T102:T109)) -> 1.1209371 | L18: =IF(COUNT(Readings!U102:U109)=0,"",MAX(Readings!U102:U109)) -> 15.690124
A19: 14 | B19: =Participants!B19 -> Ramit Joshi | C19: =IF(Participants!E19="","",Participants!E19) -> 169 | D19: =IF(Participants!F19="","",Participants!F19) -> 58 | E19: =IF(Participants!G19="","",Participants!G19) -> 20.307412 | F19: =COUNT(Readings!X110:X117) -> 8 | G19: =IF(F19=0,"",MAX(Readings!X110:X117)) -> 5 | H19: =IF(F19=0,"",ROUND(AVERAGE(Readings!X110:X117),0)) -> 5 | I19: =IF(G19="","",IF(G19>=Reference!$B$6,"HIGH",IF(G19>Reference!$B$5,"MODERATE","LOW"))) -> LOW | J19: =IF(COUNT(Readings!Q110:Q117)=0,"",MIN(Readings!Q110:Q117)) -> 48 | K19: =IF(COUNT(Readings!T110:T117)=0,"",MAX(Readings!T110:T117)) -> 1.0115829 | L19: =IF(COUNT(Readings!U110:U117)=0,"",MAX(Readings!U110:U117)) -> 3.5014283
A20: 15 | B20: =Participants!B20 -> Kirtan Borana | C20: =IF(Participants!E20="","",Participants!E20) -> 171 | D20: =IF(Participants!F20="","",Participants!F20) -> 74 | E20: =IF(Participants!G20="","",Participants!G20) -> 25.306932 | F20: =COUNT(Readings!X118:X125) -> 8 | G20: =IF(F20=0,"",MAX(Readings!X118:X125)) -> 5 | H20: =IF(F20=0,"",ROUND(AVERAGE(Readings!X118:X125),0)) -> 1 | I20: =IF(G20="","",IF(G20>=Reference!$B$6,"HIGH",IF(G20>Reference!$B$5,"MODERATE","LOW"))) -> LOW | J20: =IF(COUNT(Readings!Q118:Q125)=0,"",MIN(Readings!Q118:Q125)) -> 144 | K20: =IF(COUNT(Readings!T118:T125)=0,"",MAX(Readings!T118:T125)) -> 1.1303539 | L20: =IF(COUNT(Readings!U118:U125)=0,"",MAX(Readings!U118:U125)) -> 16.008435
B22: People with readings | F22: =COUNTIF(F6:F20,">0") -> 15
B23: People rated HIGH | F23: =COUNTIF(I6:I20,"HIGH") -> 1
B24: People rated MODERATE | F24: =COUNTIF(I6:I20,"MODERATE") -> 3
B25: People rated LOW | F25: =COUNTIF(I6:I20,"LOW") -> 11

Sheet Reference
A1: Reference - thresholds and units
A4: Setting | B4: Threshold (at or above) | C4: Points added | D4: Unit / note
A5: Risk LOW up to score | B5: 39 | D5: score 0-39 = LOW
A6: Risk HIGH from score | B6: 70 | D6: score 70-100 = HIGH; 40-69 = MODERATE
A7: Acceleration, normal limit | B7: 1.3 | C7: 10 | D7: g, magnitude of x, y, z
A8: Acceleration, elevated | B8: 1.5 | C8: 25 | D8: g (replaces the 10 points)
A9: Acceleration, high | B9: 2.5 | C9: 40 | D9: g (replaces the 25 points)
A10: Angular velocity, normal limit | B10: 20 | C10: 8 | D10: deg/s, magnitude of x, y, z
A11: Angular velocity, elevated | B11: 30 | C11: 20 | D11: deg/s (replaces the 8 points)
A12: Angular velocity, high | B12: 80 | C12: 40 | D12: deg/s (replaces the 20 points)
A13: Sudden acceleration change | B13: 0.4 | C13: 15 | D13: g, change from the previous reading of the same person
A14: Tilt, elevated | B14: 8 | C14: 5 | D14: deg, sqrt(pitch^2 + roll^2)
A15: Tilt, high | B15: 15 | C15: 10 | D15: deg (replaces the 5 points)
A17: Score = acceleration points + angular-velocity points + sudden-change points + tilt points, capped at 100. Source: fall-risk.js, function fallRiskEngine.
A19: Reading | B19: Unit | C19: Sensor | D19: Range / note
A20: FSR forefoot / midfoot / hindfoot | B20: raw ADC 0-4095 | C20: FSR pressure sensor | D20: uncalibrated count, not newtons
A21: Acceleration x, y, z | B21: g | C21: MPU6050 IMU | D21: about 1.0 g on z when standing still
A22: Angular velocity x, y, z | B22: deg/s | C22: MPU6050 IMU
A23: Pitch, roll | B23: deg | C23: MPU6050 IMU | D23: orientation of the foot
A24: Obstacle distance | B24: cm | C24: HC-SR04 ultrasonic (toe) | D24: typical sensor range 2-400 cm
A25: GPS satellites, fix | B25: count, Y/N | C25: NEO-6M GPS | D25: location needs a fix
